,age,job,marital,education,balance,housing,loan,day,month,duration,campaign,pdays,y
0,39,10,2,1,356,1,0,30,8,462,2,-1,no
1,46,4,2,2,-344,0,0,8,1,142,4,-1,no
2,35,4,2,2,560,1,0,6,8,181,1,-1,no
3,27,7,1,1,0,1,0,15,8,312,6,-1,no
4,56,9,1,1,2558,0,0,19,6,288,1,-1,no
5,20,8,2,1,1191,0,0,28,11,500,2,228,yes
6,34,7,2,2,239,0,0,28,4,699,2,-1,yes
7,44,0,1,1,429,1,0,28,4,99,1,246,no
8,34,0,1,1,384,1,0,14,8,551,2,-1,no
9,46,3,1,1,1000,0,0,18,1,96,11,-1,no
10,47,10,2,0,7351,0,0,4,3,1060,3,-1,yes
11,47,5,1,1,-71,1,0,11,1,293,5,-1,no
12,40,1,1,1,563,1,0,7,8,615,1,-1,no
13,28,1,2,0,2340,1,0,19,6,399,1,-1,no
14,34,1,1,0,3,1,0,13,8,369,2,-1,no
15,40,5,1,0,630,1,0,23,5,177,2,-1,no
16,37,4,1,2,1330,1,0,29,4,41,2,261,no
17,39,1,1,1,276,0,0,9,6,334,2,-1,no
18,39,7,1,1,124,1,0,31,5,81,5,-1,no
19,65,4,1,2,1097,0,0,12,4,131,1,196,no
20,31,0,1,1,0,1,1,6,8,144,2,-1,no
21,56,5,1,0,-299,1,0,28,8,68,1,-1,no
22,36,1,0,1,221,1,0,20,8,189,1,-1,no
23,31,7,2,1,374,0,0,28,4,49,4,-1,no
24,60,5,1,2,1336,0,0,18,6,324,1,-1,no
25,60,5,1,2,3461,0,0,26,8,94,2,112,no
26,50,9,0,1,396,0,0,20,6,716,2,-1,no
27,41,1,1,0,1500,1,0,31,5,101,6,-1,no
28,30,4,2,2,3773,1,0,27,8,99,1,-1,no
29,50,0,1,1,1241,1,1,17,9,49,2,-1,no
30,32,1,2,0,36,1,0,20,9,290,2,-1,no
31,30,4,1,2,549,0,0,28,1,59,8,-1,no
32,59,5,1,1,1896,0,0,20,9,134,9,-1,no
33,54,4,1,2,1464,0,0,30,6,157,1,-1,no
34,35,0,2,1,289,1,0,28,5,48,10,-1,no
35,42,4,1,2,372,1,0,3,1,654,2,-1,no
36,30,2,1,1,2926,1,0,28,8,238,8,-1,no
37,31,4,1,1,1064,0,0,20,9,60,1,-1,no
38,35,1,1,1,2926,1,0,8,0,182,1,292,no
39,34,7,1,1,-333,1,0,11,8,218,4,285,no
40,43,4,0,2,1052,0,0,12,6,118,3,-1,no
41,45,0,1,1,335,0,0,9,5,89,3,-1,no
42,50,0,1,1,1917,1,0,14,8,200,2,-1,no
43,76,3,0,0,1411,0,0,15,0,170,3,-1,no
44,45,10,2,1,33,0,0,5,3,437,1,-1,no
45,34,0,2,0,286,1,0,13,8,329,1,-1,no
46,43,9,2,2,4243,1,0,23,8,30,10,-1,no
47,36,1,1,1,937,1,0,2,3,29,4,-1,no
48,36,1,1,0,250,1,0,8,8,149,1,-1,no
49,33,1,1,1,-406,1,1,14,5,332,2,-1,no
50,25,1,1,1,97,1,0,27,8,709,1,-1,no
51,33,1,1,0,2720,1,0,26,8,147,3,-1,no
52,39,9,1,3,0,1,0,12,8,106,3,-1,no
53,28,0,1,1,242,1,0,17,11,47,1,779,no
54,32,4,1,2,2,1,0,14,5,79,3,-1,no
55,41,1,0,1,174,1,0,14,8,367,2,297,no
56,39,10,0,1,193,1,0,15,8,73,1,-1,no
57,39,4,1,2,47,0,0,21,9,28,3,158,no
58,51,0,0,1,-338,1,0,29,5,97,2,-1,no
59,44,9,2,2,2033,0,0,27,8,158,1,-1,no
60,31,4,2,2,0,0,0,21,1,243,2,-1,no
61,35,9,1,2,14232,1,0,18,9,372,2,-1,no
62,39,9,2,1,1104,0,0,7,1,395,2,-1,no
63,55,4,1,1,566,1,0,17,0,107,1,-1,no
64,25,7,2,1,-121,1,0,6,8,343,2,-1,no
65,29,1,1,1,294,1,0,14,8,594,2,-1,no
66,36,9,2,1,380,1,0,20,8,134,1,-1,no
67,30,4,2,2,21,0,0,26,1,61,7,-1,no
68,33,4,2,2,28,1,0,21,8,237,2,-1,no
69,38,1,1,0,630,1,0,23,8,201,3,-1,no
70,25,0,2,1,18,1,0,22,5,129,1,-1,no
71,39,8,2,3,64,0,0,12,9,366,2,98,no
72,38,4,2,2,1515,1,0,18,9,134,1,110,no
73,32,4,2,2,703,1,0,17,0,200,3,-1,no
74,27,4,2,2,207,0,0,26,8,240,4,-1,no
75,30,9,2,1,3,0,0,22,1,198,2,-1,no
76,48,6,2,3,0,0,0,18,6,453,1,-1,no
77,29,6,1,2,0,1,0,7,8,253,2,302,no
78,35,4,1,2,231,0,0,26,1,130,6,-1,no
79,41,1,1,1,433,1,0,16,0,75,1,-1,no
80,35,7,1,1,44,1,0,17,0,377,2,-1,no
81,35,0,1,1,56,1,0,13,8,93,6,-1,no
82,28,1,1,1,631,1,0,13,0,151,1,-1,no
83,42,4,2,1,2535,1,0,14,8,339,1,-1,no
84,42,3,0,2,364,0,0,18,9,52,1,-1,no
85,45,9,1,1,34,0,0,27,1,96,7,-1,no
86,28,1,2,0,8263,1,0,2,6,267,1,-1,no
87,46,10,1,1,931,0,0,29,5,156,5,-1,no
88,49,9,0,1,305,0,0,24,5,367,2,-1,no
89,54,6,0,0,4382,1,0,18,8,193,4,-1,no
90,37,9,0,1,630,1,0,20,0,28,2,-1,no
91,37,0,1,1,373,0,0,29,1,98,10,-1,no
92,26,7,2,1,2047,1,0,15,8,457,1,-1,no
93,46,1,0,0,1712,0,0,19,6,110,1,-1,no
94,29,0,2,1,3432,1,0,17,0,139,2,-1,no
95,47,2,1,3,-1445,1,0,12,8,379,2,-1,no
96,27,0,2,2,3672,1,0,15,8,157,2,351,no
97,50,0,1,1,-195,0,0,22,1,119,4,-1,no
98,36,9,2,1,1044,1,0,20,1,15,19,-1,no
99,31,7,2,1,516,1,0,13,8,271,2,-1,no
100,40,3,1,1,1029,1,1,17,9,117,2,117,no
101,34,1,1,1,496,1,0,13,8,333,1,-1,no
102,43,0,1,1,2,1,1,22,5,254,1,-1,no
103,41,11,2,2,1567,0,0,1,5,291,2,-1,no
104,49,4,1,2,378,1,0,5,8,230,1,-1,no
105,46,9,1,1,49,1,0,30,8,96,3,-1,no
106,43,1,1,1,-179,1,0,30,5,335,6,-1,no
107,55,1,1,0,4103,0,0,19,9,291,1,-1,no
108,40,4,1,2,0,0,0,28,5,165,5,-1,no
109,28,7,2,1,102,0,0,15,6,64,1,89,no
110,52,0,0,2,0,1,1,30,6,122,1,64,no
111,42,10,1,0,2636,0,0,17,9,178,2,151,no
112,31,4,2,2,635,1,0,20,0,37,1,320,no
113,40,9,0,1,16,1,0,12,8,34,12,347,no
114,31,4,1,2,10,0,0,20,9,283,1,-1,no
115,26,7,1,1,549,0,0,3,5,149,1,-1,no
116,33,4,2,2,-53,0,0,29,4,617,2,-1,yes
117,49,9,0,2,1807,1,0,12,7,229,1,-1,no
118,38,4,2,2,16957,1,0,29,4,208,1,247,no
119,31,0,2,1,33,0,1,23,5,194,1,-1,no
120,54,1,1,1,1636,0,0,20,5,1008,2,-1,yes
121,31,1,1,1,99,1,0,29,4,653,3,-1,no
122,31,4,1,2,303,1,0,14,8,143,1,-1,no
123,37,4,2,2,1572,0,0,20,1,90,6,-1,no
124,53,0,0,2,493,1,1,17,9,64,3,-1,no
125,24,9,2,0,126,1,0,20,6,10,58,-1,no
126,39,9,2,1,201,0,1,6,6,148,4,-1,no
127,70,4,1,2,13297,0,0,2,3,579,2,-1,yes
128,43,1,1,3,245,1,0,16,0,829,1,-1,yes
129,56,6,1,1,1113,0,0,12,6,138,1,-1,no
130,48,9,1,2,648,0,0,14,1,85,2,-1,no
131,30,1,1,1,458,1,0,12,8,177,3,-1,no
132,53,0,0,1,2647,1,0,9,0,494,1,-1,no
133,41,1,1,1,598,1,0,12,8,69,3,364,no
134,59,4,0,2,0,1,0,31,5,52,8,-1,no
135,78,5,1,3,4807,0,0,3,3,892,2,104,yes
136,30,4,1,2,10884,0,0,4,8,333,2,-1,no
137,37,6,1,1,0,1,0,17,5,158,1,-1,no
138,45,9,2,2,302,1,0,21,9,22,2,154,no
139,29,4,2,1,966,0,0,9,5,1185,1,396,yes
140,45,10,1,1,383,0,0,23,0,293,1,-1,no
141,34,4,1,2,815,0,0,17,9,161,2,-1,no
142,52,1,1,0,238,1,0,15,8,734,5,-1,no
143,65,0,1,1,952,0,0,2,6,310,1,-1,no
144,57,2,1,3,618,1,0,8,8,10,7,-1,no
145,44,1,1,1,594,0,0,11,6,340,1,-1,no
146,42,4,1,2,344,1,1,4,6,66,2,-1,no
147,33,4,1,2,22867,1,0,10,3,165,1,92,no
148,35,10,1,1,533,1,0,6,8,802,1,-1,no
149,29,0,1,2,167,1,1,13,10,357,2,237,no
150,37,3,1,1,285,0,0,16,6,401,2,-1,no
151,35,1,1,1,503,1,1,9,8,57,2,-1,no
152,34,9,2,2,632,0,0,22,1,215,10,-1,no
153,29,6,2,2,655,0,0,23,7,273,1,-1,no
154,37,4,1,2,308,1,0,7,8,96,3,-1,no
155,27,10,1,1,1167,0,0,29,4,394,1,-1,no
156,29,7,1,1,399,0,0,18,2,454,6,199,no
157,30,1,1,0,-430,1,0,30,8,648,5,-1,no
158,43,4,1,2,5082,0,0,3,3,99,3,-1,no
159,32,4,2,2,0,0,0,19,9,57,1,-1,no
160,43,4,1,2,3518,0,0,15,6,181,2,-1,no
161,43,1,1,1,576,1,1,13,8,148,1,-1,no
162,44,9,2,1,0,0,0,20,1,156,2,-1,no
163,26,10,2,2,102,0,0,28,5,377,2,-1,no
164,39,9,2,2,47,1,0,5,8,181,1,-1,no
165,53,7,1,0,49,0,0,28,8,152,1,-1,no
166,33,7,1,1,0,1,0,26,8,192,6,-1,no
167,51,7,2,0,2499,1,0,12,8,98,5,-1,no
168,36,0,2,1,115,0,0,4,8,134,3,91,no
169,31,4,1,2,2395,0,0,27,0,218,1,-1,no
170,35,1,1,1,1257,1,0,20,0,93,3,329,no
171,32,9,1,2,903,1,0,23,6,181,1,320,no
172,54,0,0,1,-437,1,1,10,5,158,1,-1,no
173,48,4,1,2,11,1,0,21,1,102,9,-1,no
174,36,9,2,1,376,0,0,13,1,479,1,-1,no
175,38,9,1,2,-363,0,0,26,1,101,2,-1,no
176,53,10,2,1,6248,0,0,28,4,885,1,-1,yes
177,40,1,0,0,54,1,0,13,8,10,5,362,no
178,59,9,1,1,0,0,0,1,5,249,1,-1,no
179,58,9,1,2,883,0,0,1,6,373,2,-1,no
180,32,9,1,2,432,1,0,19,9,164,2,195,no
181,27,9,2,1,162,0,0,26,8,265,9,-1,no
182,32,1,1,0,2291,1,1,29,4,489,3,182,no
183,40,0,0,1,4,1,0,9,5,189,1,-1,no
184,45,1,1,1,640,1,0,5,8,214,1,1,no
185,52,4,1,0,798,1,0,30,6,123,2,-1,no
186,48,1,1,1,794,0,0,11,1,135,6,-1,no
187,72,5,1,0,0,0,0,28,6,348,6,94,no
188,35,2,2,2,3302,1,1,18,8,207,3,-1,no
189,54,1,2,1,40,1,0,18,5,172,2,-1,no
190,39,6,1,2,3201,0,0,6,6,197,2,-1,no
191,43,1,1,1,1071,1,0,19,8,411,1,-1,no
192,29,2,1,1,422,1,0,15,8,69,3,361,no
193,60,3,1,0,887,0,0,14,1,95,2,-1,no
194,22,9,2,1,356,1,0,27,8,518,2,-1,no
195,47,7,1,1,344,1,0,3,6,87,1,-1,no
196,59,4,0,1,0,0,0,22,1,125,2,-1,no
197,35,9,2,1,966,0,0,21,0,71,2,-1,no
198,49,1,1,1,1743,0,0,18,6,68,1,-1,no
199,41,6,2,2,428,1,0,11,8,106,1,-1,no
200,29,9,1,2,858,1,0,12,6,234,7,330,no
201,35,0,0,1,183,0,1,6,3,12,7,217,no
202,31,9,2,1,-2,0,0,29,1,131,2,-1,no
203,42,4,0,2,16,0,0,19,9,140,3,-1,no
204,36,4,1,2,5057,1,0,17,9,70,1,166,no
205,40,0,1,1,0,1,0,15,8,13,8,366,no
206,39,9,1,3,880,1,0,16,8,29,1,-1,no
207,31,4,1,2,10088,0,0,8,1,72,6,-1,no
208,46,1,1,1,836,0,0,27,1,199,4,-1,no
209,56,4,1,2,0,0,1,20,6,422,1,-1,no
210,43,9,1,1,253,0,0,21,1,111,5,-1,no
211,33,1,2,1,498,0,0,30,0,301,1,-1,no
212,28,9,2,1,389,1,0,11,8,15,7,-1,no
213,41,9,2,1,214,0,0,11,1,228,2,-1,no
214,42,1,1,0,517,1,0,31,5,101,7,-1,no
215,65,5,1,0,2173,0,0,15,4,543,4,276,no
216,52,7,1,1,1351,1,0,6,3,11,3,-1,no
217,47,1,0,0,1279,1,0,6,3,479,2,-1,no
218,36,4,1,2,0,0,0,26,1,97,3,-1,no
219,37,1,1,1,125,0,0,26,8,679,2,-1,no
220,59,5,1,1,2126,0,0,18,7,359,1,343,no
221,49,1,1,1,64,1,0,7,8,293,3,-1,no
222,29,0,0,1,120,0,1,3,3,197,1,-1,no
223,41,0,2,1,1020,1,0,19,8,882,1,-1,no
224,33,4,1,2,519,0,0,12,1,260,3,-1,no
225,46,1,1,0,369,1,0,13,8,916,2,-1,no
226,33,2,1,2,595,0,0,7,1,22,2,-1,no
227,28,1,2,1,-127,1,0,4,5,1044,3,-1,yes
228,22,8,2,3,1215,0,0,11,1,154,1,-1,no
229,46,1,1,1,0,1,0,26,8,208,2,-1,no
230,34,10,1,2,473,0,0,28,1,94,11,-1,no
231,52,9,1,1,230,1,1,21,9,89,4,-1,no
232,53,5,2,2,888,1,0,9,5,128,1,-1,no
233,43,4,1,2,724,1,0,29,8,138,1,-1,no
234,27,1,2,1,-2,1,1,14,8,123,5,-1,no
235,54,0,1,1,1326,1,0,11,6,105,2,-1,no
236,40,9,2,1,2244,0,1,20,1,58,2,-1,no
237,30,10,2,2,306,0,0,6,3,90,6,256,no
238,55,1,2,1,82,0,1,7,5,500,1,-1,no
239,31,1,2,1,1882,0,0,7,8,529,2,-1,no
240,40,9,0,2,0,0,0,17,6,522,1,-1,no
241,45,4,0,2,3150,1,0,17,9,101,2,-1,no
242,26,8,2,1,108,0,0,21,10,235,1,175,no
243,35,0,1,1,332,0,0,9,5,199,2,-1,no
244,46,9,2,2,4414,0,0,18,1,504,7,-1,no
245,34,1,1,1,516,1,1,2,6,26,1,-1,no
246,48,1,1,0,554,0,0,16,6,263,8,-1,no
247,38,0,0,1,-51,0,1,30,4,102,1,-1,no
248,50,7,1,1,0,0,0,31,5,35,9,-1,no
249,59,10,1,1,0,0,0,13,10,78,1,216,no
250,34,6,1,1,1813,0,0,4,8,370,5,-1,no
251,30,9,2,1,-123,0,1,21,1,120,2,-1,no
252,60,7,1,0,808,0,0,18,1,393,3,-1,no
253,45,1,1,0,804,1,0,16,8,528,1,-1,no
254,34,1,1,1,205,1,1,7,5,309,1,-1,no
255,40,7,1,1,1185,1,0,11,8,94,1,-1,no
256,27,7,2,1,44,0,0,7,11,11,1,-1,no
257,34,9,0,3,975,1,0,30,4,263,2,191,no
258,42,9,0,2,802,0,0,28,4,119,2,-1,no
259,33,4,1,2,322,1,0,16,0,77,3,-1,no
260,55,3,0,2,6920,1,0,6,8,406,3,-1,no
261,30,7,1,0,997,1,0,28,5,76,3,-1,no
262,35,4,1,2,178,0,0,14,1,76,2,-1,no
263,24,1,2,1,1690,1,1,15,8,543,3,350,no
264,31,9,1,1,7,0,0,6,1,116,6,-1,no
265,37,1,1,1,1590,0,0,12,6,305,2,-1,no
266,37,1,1,1,453,1,1,23,8,98,1,-1,no
267,51,4,1,2,401,0,0,19,1,80,6,-1,no
268,31,4,2,2,98,0,0,11,1,69,2,-1,no
269,45,1,1,3,458,1,1,11,5,145,2,-1,no
270,41,9,1,1,1190,0,0,25,1,69,4,-1,no
271,37,0,1,1,1049,0,0,31,5,126,5,-1,no
272,53,4,1,1,2693,0,0,21,9,140,1,-1,no
273,44,9,0,2,9192,1,0,6,6,59,3,-1,no
274,36,4,1,2,287,1,1,15,5,119,5,-1,no
275,44,9,0,1,268,0,0,17,6,108,6,-1,no
276,43,9,1,1,-705,1,0,27,1,125,6,-1,no
277,29,0,2,1,315,1,0,2,6,121,4,-1,no
278,34,1,1,1,2139,1,0,15,8,1452,1,-1,yes
279,46,1,1,1,519,1,0,25,1,217,6,-1,no
280,48,7,1,0,337,0,0,25,1,770,12,-1,no
281,45,9,1,1,1395,1,0,11,1,243,4,-1,no
282,50,1,1,1,3988,0,0,30,6,165,4,-1,no
283,51,3,1,0,339,0,0,4,11,313,1,-1,no
284,32,7,1,1,2833,1,0,30,7,415,1,-1,no
285,53,1,1,0,1100,1,0,17,6,714,2,-1,no
286,27,9,2,1,643,0,0,13,5,317,1,-1,no
287,41,4,1,2,9935,0,0,21,9,49,1,-1,no
288,32,4,2,2,3,1,0,13,8,568,1,-1,no
289,25,8,2,2,20,0,0,8,11,127,2,-1,no
290,26,8,2,2,5169,1,0,25,8,397,1,35,no
291,52,6,1,2,4012,0,0,31,1,634,3,92,yes
292,40,2,1,1,0,1,1,15,8,435,1,-1,no
293,35,2,0,1,-69,1,0,5,8,300,1,-1,no
294,33,1,1,0,-342,1,0,28,8,528,2,-1,no
295,40,4,1,1,0,1,0,12,8,223,4,258,no
296,37,4,1,2,142,0,0,20,6,553,2,-1,no
297,43,10,2,2,408,0,0,14,5,568,8,-1,no
298,35,4,1,0,3369,0,0,20,9,322,1,-1,no
299,34,1,2,1,215,0,0,3,7,350,3,-1,no
300,40,4,1,2,60,0,0,16,6,172,6,-1,no
301,53,1,1,1,175,1,0,8,8,49,4,-1,no
302,29,1,1,1,247,0,1,6,3,204,2,214,no
303,40,9,1,1,4298,0,0,2,6,221,1,-1,no
304,57,1,1,0,5949,1,0,8,0,123,1,-1,no
305,25,8,2,1,331,0,0,26,1,170,4,-1,no
306,45,10,1,1,2468,1,0,29,5,64,2,-1,no
307,42,9,1,1,219,1,1,7,1,186,3,-1,no
308,34,1,1,0,174,1,0,8,8,405,3,-1,no
309,51,4,0,2,1267,1,0,30,8,254,2,-1,no
310,56,4,1,2,5282,0,0,17,9,113,1,-1,no
311,52,9,1,1,0,1,1,14,8,77,2,-1,no
312,32,9,0,2,3628,0,0,18,1,130,2,-1,no
313,53,7,2,1,4778,1,0,14,8,83,1,-1,no
314,33,1,1,1,3576,1,0,2,0,124,1,308,no
315,37,9,1,1,1016,1,1,20,9,195,3,8,no
316,34,1,1,0,0,1,1,20,6,34,29,-1,no
317,35,9,2,2,0,1,0,6,1,411,2,-1,no
318,64,5,1,2,2139,0,0,13,4,230,1,91,no
319,36,0,2,2,2317,1,0,19,9,56,2,-1,no
320,36,10,1,1,-35,0,0,30,4,339,3,-1,no
321,24,0,2,1,1052,0,0,30,0,354,1,-1,no
322,32,1,1,1,5164,0,0,21,9,253,1,-1,no
323,53,4,0,2,3370,0,0,21,10,180,1,334,no
324,45,7,1,1,24,1,0,15,5,192,3,-1,no
325,35,1,0,1,275,0,1,10,5,144,5,-1,no
326,29,4,1,2,620,1,0,18,6,72,3,-1,no
327,48,1,2,1,-269,0,0,2,3,167,1,263,no
328,37,9,1,1,5380,0,0,25,1,123,6,-1,no
329,41,9,1,1,563,1,0,13,1,69,4,-1,no
330,55,2,0,1,1553,0,0,30,5,85,3,-1,no
331,31,4,1,2,2,1,0,17,5,234,1,-1,no
332,34,1,2,2,1011,1,0,6,8,136,1,-1,no
333,34,4,1,2,557,1,0,29,4,354,1,197,no
334,41,1,1,0,168,1,0,18,9,187,3,-1,no
335,37,4,0,2,2519,1,0,19,9,58,1,-1,no
336,27,6,0,1,165,1,0,6,3,1160,2,192,yes
337,39,7,0,1,-421,1,1,18,5,374,17,-1,no
338,40,1,1,1,1808,1,0,12,8,560,1,-1,no
339,58,5,1,0,1,0,0,26,1,112,4,-1,no
340,30,1,1,0,597,1,0,23,8,190,1,-1,no
341,58,5,1,1,624,1,0,12,8,393,1,-1,no
342,32,0,2,1,457,0,0,26,5,109,3,455,no
343,59,0,1,1,1365,0,0,19,6,327,1,-1,no
344,48,7,1,3,1155,1,0,16,8,557,4,-1,no
345,29,4,2,2,2907,1,0,26,8,150,1,-1,no
346,43,9,1,1,1824,1,0,8,8,296,1,-1,no
347,37,0,1,1,960,0,0,18,9,50,3,-1,no
348,52,1,1,0,1515,0,0,7,1,20,4,-1,no
349,55,10,2,0,5,1,0,30,8,63,2,-1,no
350,32,4,2,2,23,0,0,22,8,137,2,-1,no
351,35,0,1,1,2238,1,0,23,8,42,3,-1,no
352,32,6,1,0,-6,0,0,23,8,881,2,-1,yes
353,37,1,1,0,61,1,0,16,5,156,3,-1,no
354,32,1,1,1,363,1,0,13,8,431,1,-1,no
355,34,4,2,2,1,0,0,19,9,582,1,-1,yes
356,55,5,1,1,971,0,1,8,5,154,1,-1,no
357,44,9,0,2,245,1,0,2,3,347,2,-1,no
358,56,4,0,2,659,0,1,2,6,56,1,-1,no
359,43,0,1,1,544,1,0,7,8,187,1,-1,no
360,44,7,0,1,51,1,1,27,8,3094,2,-1,yes
361,56,6,1,1,1539,0,0,28,1,149,14,-1,no
362,35,1,1,0,453,1,0,21,8,312,2,-1,no
363,39,1,1,1,360,1,0,29,4,325,2,260,no
364,28,6,1,1,-228,1,1,7,5,164,3,-1,no
365,45,3,1,0,2239,0,0,29,5,24,2,-1,no
366,34,9,1,1,1569,0,0,11,1,149,2,-1,no
367,55,4,1,2,543,0,0,7,1,61,2,-1,no
368,55,0,1,1,51,0,0,20,1,94,2,-1,no
369,37,1,1,0,106,1,0,25,1,511,1,392,no
370,59,5,1,1,278,0,0,12,1,141,3,-1,no
371,60,5,1,3,3875,1,0,29,4,55,1,-1,no
372,55,9,1,1,741,1,0,15,8,973,2,-1,no
373,38,0,1,1,0,0,0,5,8,151,1,-1,no
374,35,0,1,1,220,1,0,2,3,153,4,244,no
375,34,4,2,2,417,1,0,16,11,99,2,135,no
376,58,9,1,3,1617,1,0,5,3,109,4,274,no
377,48,1,1,1,333,1,0,14,8,24,6,-1,no
378,31,1,1,0,50,1,0,8,8,300,2,-1,no
379,38,1,1,1,566,1,1,17,0,318,2,332,no
380,39,4,0,2,1315,1,0,19,9,1337,4,126,yes
381,58,4,0,2,26254,1,0,21,10,49,1,-1,no
382,33,9,1,3,1450,0,0,27,0,81,1,-1,no
383,39,9,2,1,0,0,0,25,1,194,9,-1,no
384,40,9,1,2,103,1,0,8,8,135,2,-1,no
385,37,10,2,1,0,1,0,11,8,125,1,-1,no
386,42,9,1,1,3501,0,0,28,1,23,22,-1,no
387,31,4,1,1,55,0,0,7,1,124,3,-1,no
388,30,9,2,1,518,1,0,2,6,21,1,-1,no
389,29,9,2,1,28,0,0,9,3,96,2,-1,no
390,45,1,1,3,0,0,0,4,1,408,1,-1,no
391,38,4,1,2,14190,1,0,31,5,48,3,-1,no
392,36,0,2,1,11174,1,0,15,0,953,1,-1,yes
393,32,10,2,1,8304,0,0,2,1,486,1,286,yes
394,34,7,2,1,194,1,1,15,0,149,1,268,no
395,21,8,2,1,1746,0,0,21,1,487,2,-1,no
396,29,1,1,1,-478,0,1,8,5,528,2,-1,no
397,40,9,2,1,159,1,0,18,9,37,1,-1,no
398,34,4,2,2,1012,1,1,15,8,109,3,-1,no
399,32,1,2,1,395,1,1,20,0,339,1,-1,no
400,47,0,0,1,-364,1,1,9,6,240,2,-1,no
401,44,1,1,1,3060,1,0,20,9,113,1,189,no
402,41,9,2,1,879,0,1,7,5,60,4,-1,no
403,53,7,0,1,0,0,1,3,5,172,10,-1,no
404,44,2,1,0,276,1,1,15,8,219,1,-1,no
405,63,3,1,2,1528,0,0,18,4,309,2,95,no
406,30,4,2,2,47,0,1,31,5,11,17,-1,no
407,27,10,2,1,3276,0,0,5,1,106,1,110,no
408,33,9,1,1,557,0,0,4,8,367,1,-1,no
409,26,1,2,1,786,1,1,14,8,103,5,-1,no
410,53,9,1,1,-3,0,0,5,8,1666,1,-1,yes
411,49,4,1,2,271,1,0,5,3,18,6,-1,no
412,42,1,0,0,78,1,0,7,8,227,2,-1,no
413,54,4,1,2,37176,0,0,21,9,206,1,-1,no
414,27,2,2,2,0,1,0,4,6,103,2,-1,no
415,28,9,1,1,1944,1,0,18,8,21,7,-1,no
416,55,0,1,1,0,0,0,23,11,180,2,238,no
417,34,9,1,2,297,1,0,29,4,375,2,-1,no
418,22,8,2,1,2488,0,0,8,9,449,2,38,no
419,58,9,1,2,1692,1,0,17,5,517,5,-1,no
420,34,4,2,0,212,0,0,27,8,88,1,-1,no
421,50,4,1,1,125,1,1,14,8,8,5,-1,no
422,46,9,0,2,477,1,0,6,8,114,1,-1,no
423,48,3,1,0,380,1,0,22,5,188,5,-1,no
424,51,5,0,0,43,0,0,24,5,212,2,-1,no
425,39,4,0,1,-17,0,0,16,0,316,1,146,no
426,33,4,1,2,0,1,0,23,8,57,5,-1,no
427,79,5,1,1,4738,0,0,9,5,151,5,-1,no
428,33,9,2,1,9,0,1,25,1,145,8,-1,no
429,43,4,1,2,62,1,0,23,5,212,3,-1,no
430,32,4,2,1,388,0,0,4,8,846,2,-1,yes
431,53,9,1,1,944,1,0,23,5,799,4,-1,no
432,57,5,1,1,0,0,1,30,6,104,2,-1,no
433,24,8,2,1,23878,0,0,18,3,185,1,-1,no
434,48,0,1,1,811,0,1,8,1,149,2,-1,no
435,55,4,0,2,25,0,0,16,6,404,3,-1,no
436,44,1,1,1,1786,1,0,15,8,452,2,-1,no
437,58,3,1,0,4605,0,0,4,1,197,1,-1,no
438,63,5,0,0,109,0,0,10,9,406,2,-1,no
439,56,4,1,1,238,1,0,19,9,808,1,-1,no
440,26,7,2,1,531,1,1,6,3,184,1,-1,no
441,32,2,1,2,28,0,0,5,1,287,1,-1,no
442,37,4,2,2,171,1,1,7,1,250,3,-1,no
443,24,1,2,1,171,1,0,21,8,151,2,-1,no
444,60,4,1,1,0,0,0,20,8,321,4,87,no
445,31,10,2,1,3528,0,0,5,3,132,1,-1,no
446,33,4,2,2,5437,0,0,10,1,131,1,98,no
447,23,10,2,1,-503,1,0,5,8,92,1,342,no
448,39,4,1,1,18,1,0,21,1,102,1,91,no
449,28,7,1,1,1214,0,0,28,8,582,1,-1,no
450,50,7,1,1,1134,0,0,18,6,53,2,-1,no
451,36,4,1,2,255,0,0,25,1,242,6,95,no
452,50,2,1,2,-168,1,0,23,5,1327,2,-1,yes
453,55,4,1,0,57,0,1,21,5,162,2,-1,no
454,59,0,1,1,6264,0,0,22,1,353,16,-1,no
455,52,11,1,1,142,0,0,25,1,112,6,-1,no
456,57,9,0,2,0,1,0,31,5,24,16,-1,no
457,50,0,1,1,663,1,0,20,0,630,3,-1,no
458,27,1,2,1,-289,1,1,5,8,94,5,-1,no
459,42,1,1,1,1958,1,0,18,9,129,1,172,no
460,23,4,2,2,377,0,0,28,1,7,1,-1,no
461,39,7,1,1,9374,1,0,20,8,273,1,-1,no
462,57,1,1,1,25,1,0,13,8,378,2,359,no
463,56,4,1,2,935,1,0,8,8,209,2,172,no
464,40,9,0,1,0,0,0,19,1,60,2,-1,no
465,38,4,0,1,257,1,0,30,0,435,1,-1,no
466,37,4,0,1,1655,1,0,12,8,178,1,175,no
467,31,7,2,1,2251,1,1,17,5,134,1,-1,no
468,25,9,2,1,266,0,1,15,6,74,1,-1,no
469,32,4,2,2,1310,0,0,12,1,418,3,-1,no
470,32,4,1,2,3154,0,0,3,6,126,1,44,no
471,43,9,0,1,1612,0,0,28,1,119,2,95,no
472,56,5,1,1,450,0,0,17,9,16,1,-1,no
473,60,9,1,2,91,0,0,27,1,105,4,-1,no
474,33,9,1,1,5083,0,0,12,0,175,1,-1,no
475,36,1,1,3,-742,1,1,31,5,110,3,-1,no
476,40,4,1,2,2763,1,0,2,5,566,1,395,yes
477,50,9,0,1,0,1,0,14,8,109,3,92,no
478,53,4,1,0,2096,0,0,9,6,104,1,-1,no
479,52,3,0,1,131,1,1,11,8,87,1,-1,no
480,31,0,1,1,713,1,0,20,9,373,1,-1,no
481,46,0,2,1,1693,1,0,20,10,427,1,-1,no
482,56,0,0,0,0,0,1,10,5,542,1,-1,no
483,35,9,1,1,6,1,0,11,8,204,2,348,no
484,37,4,2,2,1027,1,0,2,7,313,1,152,no
485,33,7,0,3,392,1,0,15,5,753,4,-1,no
486,66,5,1,1,3473,0,0,14,0,441,2,-1,no
487,45,4,1,2,2220,1,0,11,5,128,2,-1,no
488,28,4,2,2,1,0,0,24,5,86,11,-1,no
489,34,0,1,1,1183,1,0,20,0,575,2,-1,no
490,52,7,0,1,0,0,0,31,5,530,3,-1,no
491,59,1,1,0,14,1,1,20,8,355,1,-1,no
492,57,4,1,1,7162,0,0,17,9,83,1,-1,no
493,41,0,2,1,0,0,0,25,5,286,2,-1,no
494,34,2,1,0,0,1,0,21,5,132,3,-1,no
495,34,0,1,1,2,1,0,25,5,137,11,-1,no
496,42,9,1,1,9324,0,0,27,1,67,4,-1,no
497,67,5,1,0,585,0,0,12,4,164,1,148,no
498,30,4,2,2,12857,1,0,6,9,150,1,-1,no
499,31,1,1,1,1599,1,0,21,8,49,1,-1,no
500,31,4,1,2,0,0,0,14,8,298,1,-1,no
501,29,7,2,1,441,1,0,17,0,69,1,-1,no
502,36,9,1,2,4388,0,0,8,1,52,3,-1,no
503,33,9,2,1,4792,0,0,26,8,131,3,-1,no
504,53,9,1,2,2557,0,0,29,5,95,4,182,no
505,48,4,1,2,4191,0,0,21,8,363,6,-1,no
506,50,2,0,2,101,0,0,20,1,132,2,-1,no
507,50,6,0,1,985,1,1,21,9,167,1,-1,no
508,32,4,1,2,1331,0,0,12,1,93,1,104,no
509,56,4,1,2,2925,0,0,29,1,133,6,-1,no
510,35,1,2,1,142,1,0,7,8,266,2,168,no
511,34,4,2,2,2633,1,0,21,9,705,6,-1,no
512,26,1,1,1,352,1,0,8,0,213,3,317,no
513,39,4,1,2,1654,0,1,21,9,151,1,-1,no
514,32,4,2,2,307,0,0,25,4,96,1,201,no
515,60,4,1,0,703,1,0,14,8,378,1,-1,no
516,30,10,1,2,330,0,0,3,5,264,1,80,no
517,43,1,1,1,664,1,0,12,6,354,1,-1,no
518,36,4,1,2,0,1,1,14,5,119,2,-1,no
519,49,1,1,0,201,1,1,18,5,297,2,-1,no
520,58,1,1,1,0,0,0,18,1,27,17,-1,no
521,43,4,1,2,9261,1,0,17,0,273,2,254,no
522,54,4,1,0,0,1,1,6,8,95,1,-1,no
523,43,9,1,1,0,0,1,8,8,9,2,172,no
524,36,6,2,2,351,0,0,30,0,78,1,84,no
525,31,2,1,0,-98,1,0,18,8,9,3,362,no
526,47,9,1,1,459,0,0,28,4,226,1,-1,no
527,50,4,1,2,469,0,0,16,0,161,1,-1,no
528,41,0,1,2,108,1,0,2,3,210,1,-1,no
529,27,0,2,1,456,0,0,13,8,104,1,-1,no
530,32,1,1,0,268,1,1,18,8,189,1,-1,no
531,42,4,0,2,221,1,0,7,8,720,2,-1,no
532,45,6,1,1,7,0,0,20,9,691,1,-1,yes
533,30,9,2,1,513,1,0,20,0,241,1,-1,no
534,34,4,1,2,4859,0,0,20,1,262,2,112,no
535,42,1,0,0,299,1,0,13,8,253,2,-1,no
536,35,9,1,1,150,0,0,18,1,242,5,-1,no
537,50,7,0,1,641,0,0,25,8,128,3,-1,no
538,58,7,0,1,739,1,0,20,0,304,7,335,no
539,37,0,2,1,465,1,1,6,8,116,1,-1,no
540,40,7,1,1,87,1,1,21,9,116,2,113,no
541,47,9,1,1,2283,1,0,21,9,170,2,-1,no
542,54,1,1,0,0,0,0,18,1,144,2,-1,no
543,32,0,2,1,131,1,0,22,6,522,1,183,no
544,45,4,2,2,5769,0,0,20,9,59,3,-1,no
545,39,2,1,2,942,1,0,14,1,880,3,267,yes
546,47,9,1,1,826,1,0,18,9,195,3,112,no
547,37,4,0,2,153,1,0,30,0,221,1,70,no
548,35,10,1,1,977,1,0,4,8,52,4,91,no
549,58,10,1,1,4497,1,0,29,8,128,1,-1,no
550,42,10,1,2,576,0,0,3,6,447,2,96,no
551,45,0,1,1,1214,1,0,28,5,118,2,-1,no
552,33,9,2,2,0,0,0,22,1,135,3,-1,no
553,29,1,1,1,2870,1,0,16,5,988,1,-1,yes
554,39,4,2,2,30,1,0,13,8,201,3,-1,no
555,34,4,1,2,0,0,0,2,3,327,1,-1,no
556,41,4,1,2,6060,1,0,15,8,71,2,-1,no
557,48,3,1,0,0,0,0,28,1,20,23,-1,no
558,39,1,2,0,0,0,0,18,6,375,2,-1,no
559,34,1,1,1,-436,1,0,26,8,317,1,-1,no
560,33,4,2,3,1534,1,0,11,5,1041,2,-1,yes
561,37,1,1,3,969,1,0,14,8,343,2,-1,no
562,31,8,2,2,4951,0,0,17,11,285,3,81,no
563,44,1,1,1,274,1,1,6,8,409,1,-1,no
564,48,1,2,1,44,1,0,6,8,153,1,-1,no
565,36,3,1,1,0,0,1,15,5,571,3,-1,no
566,75,5,1,0,5491,0,0,28,5,258,6,-1,no
567,48,3,2,1,71,0,0,28,1,97,3,-1,no
568,56,5,1,1,101,0,1,19,6,330,1,-1,no
569,35,9,2,2,632,0,0,7,1,141,1,-1,no
570,57,11,1,1,2,0,0,6,6,112,4,-1,no
571,42,4,2,2,227,0,0,20,1,428,8,-1,no
572,42,1,1,1,2044,1,1,7,8,155,1,282,no
573,25,4,2,2,316,0,0,27,7,347,2,-1,no
574,40,3,1,0,979,0,0,15,10,106,4,-1,no
575,29,7,2,2,1788,0,0,27,10,353,1,-1,no
576,55,1,1,1,233,1,0,5,8,813,2,351,yes
577,52,7,0,1,2455,0,0,25,5,289,1,-1,no
578,56,5,1,1,364,0,0,5,1,105,1,-1,no
579,40,4,1,2,0,1,0,16,5,87,5,-1,no
580,28,0,2,2,282,1,1,3,3,329,1,-1,no
581,29,6,1,1,425,1,0,5,6,562,15,-1,no
582,42,4,2,2,328,1,1,17,9,125,1,-1,no
583,49,2,1,1,89,1,0,12,8,351,1,-1,no
584,33,4,1,2,2441,1,1,19,9,154,1,-1,no
585,55,9,1,1,361,1,1,20,9,292,2,-1,no
586,33,4,0,1,106,0,0,20,1,175,3,-1,no
587,46,4,0,2,24598,1,0,14,8,118,4,374,no
588,57,4,1,2,388,0,1,15,8,262,4,-1,no
589,32,9,2,2,1012,0,0,14,0,178,1,-1,no
590,57,1,1,1,1686,0,0,22,3,219,4,311,no
591,55,4,0,2,8044,1,0,11,8,175,5,333,no
592,26,4,2,2,2692,0,0,28,8,159,2,-1,no
593,45,1,1,0,15515,0,0,4,1,167,2,-1,no
594,51,1,1,1,1779,1,0,15,8,99,2,-1,no
595,40,7,2,1,0,1,0,17,0,350,2,-1,no
596,49,10,1,1,13818,0,0,31,5,221,2,-1,no
597,53,3,1,0,2581,0,0,15,0,99,1,-1,no
598,48,0,1,1,490,0,0,6,1,136,2,-1,no
599,42,7,1,1,120,1,0,17,0,179,1,-1,no
600,48,6,1,1,884,1,0,31,5,118,2,-1,no
601,27,1,2,0,68,1,1,11,8,50,5,-1,no
602,53,1,1,1,66,0,0,6,6,360,2,-1,no
603,33,4,1,2,431,1,0,27,10,51,1,-1,no
604,33,0,2,2,490,1,0,7,8,31,1,363,no
605,40,3,1,2,0,0,0,6,10,6,1,-1,no
606,31,2,2,2,-405,1,1,21,9,846,1,100,no
607,34,4,1,2,1339,0,0,20,1,255,8,-1,no
608,38,1,2,0,0,1,0,11,8,284,4,-1,no
609,48,4,0,2,15,0,0,6,9,88,1,-1,no
610,49,4,1,2,4751,0,0,12,1,884,4,-1,yes
611,48,0,2,1,303,1,1,2,3,142,1,189,no
612,44,9,1,2,851,1,0,11,5,47,2,-1,no
613,36,0,2,1,733,1,0,20,0,176,1,322,no
614,30,4,2,2,0,1,0,5,8,495,1,-1,no
615,36,4,1,2,0,1,0,23,10,140,1,143,no
616,36,1,1,1,-190,1,0,27,8,348,2,-1,no
617,31,9,1,2,3338,1,0,24,6,122,2,185,no
618,52,9,1,2,214,0,0,29,1,161,3,-1,no
619,50,7,1,1,1126,0,0,4,1,679,1,-1,yes
620,52,9,1,1,-33,0,0,20,1,257,2,-1,no
621,38,9,2,2,1619,0,0,9,6,324,1,-1,no
622,45,0,1,1,3006,0,0,29,0,388,2,-1,no
623,39,1,2,0,267,0,0,18,9,322,1,-1,no
624,39,4,1,3,4800,0,0,12,6,135,3,-1,no
625,60,5,1,2,1766,0,0,5,1,344,1,-1,no
626,44,0,1,1,58544,1,0,7,8,144,2,-1,no
627,32,7,1,0,218,1,0,4,3,177,3,-1,no
628,39,4,1,2,1070,1,1,9,5,71,1,-1,no
629,43,1,0,0,3550,0,0,20,9,1154,1,-1,yes
630,56,1,0,1,1346,0,1,28,5,240,3,-1,no
631,35,7,2,1,2467,0,0,20,9,319,5,-1,no
632,35,1,2,1,0,1,0,8,8,237,1,368,no
633,38,0,2,2,4,1,1,18,9,71,3,-1,no
634,40,0,2,1,142,0,1,20,6,14,3,-1,no
635,42,4,1,2,981,1,0,17,9,276,1,-1,no
636,58,4,1,2,0,0,0,31,5,27,16,-1,no
637,55,6,0,1,148,0,0,17,6,847,3,-1,yes
638,49,7,1,0,0,1,0,6,8,445,2,166,no
639,24,0,2,1,1055,0,0,21,5,338,1,-1,no
640,33,1,1,1,1233,1,0,14,8,141,1,-1,no
641,40,4,1,1,754,0,1,6,0,635,1,-1,no
642,52,10,1,1,5091,0,0,26,8,309,1,-1,no
643,52,4,1,2,2635,0,0,6,11,313,1,108,no
644,26,0,2,2,313,0,1,2,6,199,1,96,no
645,44,9,1,1,-97,1,0,7,8,408,3,-1,no
646,44,1,1,0,276,1,0,30,5,535,2,-1,no
647,37,3,1,0,189,0,0,8,1,148,4,-1,no
648,28,4,2,2,187,0,0,10,11,255,1,93,no
649,41,9,0,2,3465,1,0,11,1,389,4,-1,no
650,29,7,1,1,182,1,0,13,8,38,3,-1,no
651,49,1,1,3,154,1,0,5,8,357,1,-1,no
652,30,0,1,1,2931,1,0,29,8,199,3,-1,no
653,40,1,1,3,874,0,0,14,8,75,1,-1,no
654,32,10,2,1,5670,0,0,4,3,326,1,-1,no
655,30,10,2,1,2303,0,0,6,3,193,5,-1,no
656,35,0,0,1,0,1,0,7,8,262,2,-1,no
657,58,5,1,3,662,1,0,2,3,389,1,-1,no
658,30,9,2,1,659,1,0,20,8,241,3,-1,no
659,34,4,1,2,11,1,0,17,0,22,1,150,no
660,31,0,2,2,1531,1,0,28,8,48,5,-1,no
661,59,5,0,1,93,0,1,8,1,108,2,-1,no
662,30,4,1,2,877,0,0,22,8,122,2,108,no
663,24,8,2,1,2,0,0,15,8,48,1,-1,no
664,40,7,1,1,17,0,0,4,6,78,1,-1,no
665,37,0,1,1,-47,1,0,30,8,122,4,-1,no
666,46,6,0,2,926,1,0,19,9,168,2,153,no
667,35,9,2,1,196,1,0,21,9,318,1,-1,no
668,38,7,1,1,706,0,0,18,9,206,2,-1,no
669,42,7,0,1,732,0,0,30,5,109,3,-1,no
670,42,1,2,0,-376,1,0,18,8,53,1,-1,no
671,29,8,2,2,185,1,0,7,8,141,3,-1,no
672,34,6,2,1,55,1,0,18,8,155,1,-1,no
673,34,0,2,2,-199,0,1,8,5,130,1,-1,no
674,30,9,2,2,3291,1,0,19,8,1218,3,-1,yes
675,51,4,2,2,4305,1,0,4,8,126,1,-1,no
676,24,1,2,3,76,1,0,19,8,345,1,-1,no
677,42,4,1,1,2608,1,0,29,8,201,1,-1,no
678,50,7,0,1,2015,1,0,19,9,242,1,-1,no
679,40,0,1,0,189,1,0,27,8,160,2,-1,no
680,26,0,2,1,1375,1,0,17,0,238,2,-1,no
681,30,7,2,1,122,1,0,12,8,501,2,-1,no
682,48,4,2,2,414,0,0,21,5,761,2,-1,yes
683,56,4,0,3,2986,0,0,30,0,124,1,-1,no
684,27,8,2,2,24025,0,0,21,10,99,1,-1,no
685,32,4,2,2,0,1,0,20,0,415,2,-1,no
686,54,1,1,1,2047,0,0,9,3,150,7,194,no
687,33,6,1,1,0,0,0,18,1,73,7,-1,no
688,51,2,1,2,36935,1,0,21,9,41,1,-1,no
689,42,1,1,0,832,0,0,20,6,13,14,-1,no
690,39,4,1,2,540,1,1,23,8,1066,2,-1,no
691,39,1,2,0,419,1,0,17,9,186,1,181,no
692,39,9,1,1,37,1,1,11,5,467,1,-1,no
693,31,9,2,1,102,1,0,17,0,460,2,345,no
694,36,0,1,2,29,0,0,12,1,576,1,-1,yes
695,41,4,1,2,0,0,0,17,11,294,4,63,no
696,33,4,1,2,571,0,0,8,1,390,2,-1,no
697,37,0,1,1,525,1,0,23,8,425,1,-1,no
698,47,6,1,2,3072,0,0,21,9,229,3,-1,no
699,60,11,1,0,4722,0,0,20,6,459,3,-1,no
700,36,2,1,1,-280,0,0,17,1,6,1,-1,no
701,54,7,1,1,-22,0,1,9,5,85,1,-1,no
702,29,4,1,2,239,1,0,30,8,143,4,-1,no
703,31,4,2,2,307,0,0,8,5,361,1,229,yes
704,36,3,1,1,0,0,0,21,1,76,2,-1,no
705,33,1,1,1,-266,1,1,3,3,16,7,-1,no
706,47,9,0,3,442,1,0,11,8,85,1,-1,no
707,49,7,1,1,199,1,0,31,5,28,25,-1,no
708,73,5,0,1,1092,0,0,7,1,390,2,-1,no
709,28,6,2,2,805,0,0,12,9,116,5,170,no
710,52,5,1,3,293,0,0,11,6,706,1,-1,yes
711,53,5,1,0,1068,0,0,28,4,200,1,-1,no
712,39,10,2,1,804,0,0,21,2,193,8,203,no
713,34,10,0,1,354,1,0,9,8,308,1,-1,no
714,52,9,0,1,409,1,0,15,8,73,7,-1,no
715,41,4,2,2,480,1,0,15,8,178,2,-1,no
716,51,9,0,1,-471,0,0,26,1,169,2,-1,no
717,46,4,1,2,466,1,0,31,5,109,8,-1,no
718,46,2,1,3,1481,1,0,7,8,49,3,-1,no
719,25,4,1,2,0,1,0,31,5,20,31,-1,no
720,58,5,1,2,0,0,0,6,8,393,1,-1,no
721,50,0,0,1,124,1,1,14,8,367,2,289,no
722,43,1,1,0,0,1,0,12,8,48,3,285,no
723,48,9,1,1,23495,0,0,22,1,63,8,-1,no
724,37,2,1,1,209,1,0,17,0,100,1,-1,no
725,38,4,1,2,1,0,0,10,11,342,2,-1,no
726,29,7,2,1,1008,1,0,23,8,426,9,-1,no
727,42,4,1,2,0,1,0,18,5,177,5,-1,no
728,38,1,1,0,8637,1,0,11,6,119,1,-1,no
729,40,9,2,2,1646,1,0,4,8,392,2,91,no
730,31,4,2,2,1836,1,0,12,1,177,2,-1,no
731,43,9,1,2,591,1,0,12,8,123,4,277,no
732,49,5,1,0,192,0,0,10,5,227,1,-1,no
733,49,9,1,1,3033,0,0,15,8,125,5,-1,no
734,50,6,1,1,4440,0,1,31,5,12,3,-1,no
735,54,9,1,2,395,0,0,30,0,183,1,183,no
736,48,2,1,3,2550,1,0,14,8,175,3,-1,no
737,29,9,2,1,594,0,0,25,8,128,1,-1,no
738,41,4,2,2,256,1,0,3,6,140,6,-1,no
739,32,4,1,2,1388,1,0,30,0,753,1,-1,no
740,53,0,1,1,35,1,0,8,0,97,1,-1,no
741,27,1,1,0,713,1,0,30,8,152,4,-1,no
742,34,1,1,2,20,0,0,4,10,10,1,-1,no
743,30,7,2,1,438,1,0,18,8,98,1,178,no
744,38,1,1,0,2240,1,0,19,9,551,1,183,no
745,61,6,0,2,52587,0,0,15,3,394,3,189,yes
746,68,11,1,3,4092,0,0,11,1,329,1,-1,no
747,46,7,0,1,350,1,0,3,0,230,1,-1,no
748,36,9,1,1,1840,0,0,19,1,61,6,-1,no
749,31,9,2,1,46,0,0,27,1,313,6,-1,no
750,49,1,2,0,2623,1,0,15,8,291,2,-1,no
751,40,4,1,2,1308,0,0,3,3,1776,2,-1,yes
752,57,0,1,1,3927,0,0,13,10,61,1,-1,no
753,23,7,2,1,292,1,0,13,8,437,2,-1,no
754,26,10,2,1,461,0,0,28,4,214,1,-1,no
755,36,8,2,1,409,1,0,12,6,72,1,-1,no
756,59,5,1,1,1875,1,0,13,8,77,1,-1,no
757,30,4,1,2,0,1,0,9,5,127,1,-1,no
758,36,9,2,1,1228,1,0,4,8,303,3,-1,no
759,40,1,1,1,217,1,0,6,8,195,1,-1,no
760,33,1,0,0,142,1,0,11,8,41,2,300,no
761,51,4,1,1,2632,0,0,30,8,137,1,-1,no
762,51,1,1,0,-26,1,0,27,8,47,1,-1,no
763,42,0,2,3,297,1,0,29,8,106,1,-1,no
764,35,1,0,3,164,0,0,11,6,967,2,-1,yes
765,50,2,1,1,533,1,0,11,8,171,2,-1,no
766,39,9,1,2,3911,1,0,18,9,247,2,-1,no
767,50,6,1,0,0,0,0,22,1,125,4,-1,no
768,35,1,2,0,1284,1,0,14,8,13,5,-1,no
769,43,3,1,1,2220,0,0,27,1,177,3,-1,no
770,60,5,1,2,614,0,0,29,1,50,3,-1,no
771,58,4,1,1,-382,0,0,31,5,644,12,-1,no
772,59,1,1,3,-278,1,0,13,8,318,2,-1,no
773,37,9,2,1,3665,0,0,12,1,664,3,-1,yes
774,31,11,2,2,0,0,0,7,5,57,1,-1,no
775,28,0,2,1,25,1,0,5,6,109,2,-1,no
776,40,4,1,2,-1036,1,1,23,6,41,2,-1,no
777,36,9,0,1,664,1,1,30,5,266,4,-1,no
778,40,0,1,1,2,1,0,16,8,29,1,-1,no
779,58,5,0,0,720,0,0,22,8,250,1,94,no
780,37,7,1,1,1776,1,1,17,0,224,1,-1,no
781,38,6,1,2,656,1,0,22,1,508,7,-1,no
782,24,9,2,2,596,1,0,13,8,451,1,-1,no
783,31,7,1,1,238,1,1,9,8,156,2,-1,no
784,40,8,1,1,260,0,0,19,9,52,1,152,no
785,46,7,1,0,830,1,1,11,5,211,2,-1,no
786,45,6,1,2,1265,1,0,6,3,79,2,-1,no
787,32,2,2,2,6259,1,0,9,8,230,2,-1,no
788,34,9,1,1,0,1,0,25,5,141,3,-1,no
789,48,9,1,1,7020,0,0,6,1,80,2,-1,no
790,37,7,2,1,1045,0,0,4,3,301,1,-1,no
791,41,9,1,1,2123,0,0,18,9,232,1,102,no
792,34,7,2,1,544,1,0,27,8,257,2,-1,no
793,32,0,1,2,176,1,0,25,5,50,1,-1,no
794,34,2,1,1,1847,1,0,9,0,543,3,321,no
795,36,9,1,1,452,1,0,26,8,113,5,-1,no
796,44,9,2,1,696,1,0,16,8,680,3,-1,no
797,48,4,2,2,940,0,0,23,6,216,3,-1,no
798,38,9,2,2,369,0,0,7,1,365,8,-1,no
799,33,9,2,2,231,1,0,27,8,198,2,-1,no
800,34,9,1,1,1092,0,0,23,8,268,1,-1,no
801,41,0,2,1,0,0,1,21,9,305,6,-1,no
802,35,4,2,2,1494,1,0,6,8,311,1,169,no
803,46,1,1,0,44,0,1,10,5,90,9,-1,no
804,45,10,1,0,0,1,0,2,3,570,2,-1,no
805,42,4,1,2,255,0,0,4,1,302,2,-1,no
806,47,9,1,1,3466,1,0,11,5,853,2,-1,no
807,54,5,0,1,13,1,0,15,5,197,2,-1,no
808,54,6,1,1,203,1,0,7,5,238,8,-1,no
809,53,7,0,1,4554,0,0,5,3,8,6,-1,no
810,60,5,1,2,9397,0,0,5,6,428,1,-1,no
811,46,0,2,1,9326,0,1,9,6,105,1,-1,no
812,52,1,1,0,273,1,0,12,1,128,2,-1,no
813,28,0,1,1,-97,1,0,29,4,79,1,225,no
814,48,0,1,1,112,0,0,18,1,139,5,-1,no
815,34,1,1,0,275,1,0,30,8,170,1,-1,no
816,51,1,1,1,2007,1,0,12,1,1226,3,-1,yes
817,32,6,2,1,356,1,0,27,1,511,6,-1,no
818,54,1,1,1,-10,1,0,21,9,490,2,-1,no
819,42,1,2,1,419,0,0,7,5,88,3,-1,no
820,51,0,0,1,340,1,0,8,8,186,1,-1,no
821,57,9,1,2,6822,0,0,7,1,797,2,-1,yes
822,26,0,2,1,66,1,0,14,8,451,1,339,no
823,47,4,1,2,0,0,0,27,10,508,1,-1,no
824,27,7,2,1,1820,1,0,17,5,1027,1,-1,yes
825,36,4,1,2,3949,0,0,28,4,130,2,-1,no
826,34,0,1,1,1551,1,1,8,5,188,2,82,no
827,40,4,1,2,-1737,1,1,31,5,249,4,-1,no
828,29,0,1,1,22171,1,0,18,8,44,1,355,no
829,43,0,1,1,1113,0,0,19,6,477,7,-1,no
830,56,5,0,0,48,1,0,14,8,132,2,-1,no
831,28,4,2,1,1633,0,0,8,11,233,1,95,no
832,62,1,1,1,180,0,0,14,4,183,1,90,no
833,30,7,1,1,442,1,0,8,8,137,2,-1,no
834,31,9,2,1,0,0,0,29,1,213,4,-1,no
835,65,4,1,3,2352,0,0,8,9,354,3,188,no
836,24,9,2,1,-46,1,0,19,8,23,1,-1,no
837,29,4,1,2,1441,1,0,30,0,185,1,85,no
838,31,4,2,2,30,0,0,8,1,161,2,-1,no
839,33,4,1,2,52,0,0,22,1,311,1,-1,no
840,51,1,1,0,0,1,0,10,5,324,1,-1,no
841,52,6,1,2,1088,1,0,6,6,217,2,-1,no
842,43,7,1,1,-45,1,1,3,3,140,3,-1,no
843,33,1,1,0,716,1,0,7,8,83,3,-1,no
844,60,2,1,0,0,0,0,18,6,201,1,-1,no
845,26,1,2,1,535,0,0,14,1,125,1,-1,no
846,47,0,1,1,-245,1,0,17,0,91,1,-1,no
847,30,0,1,1,122,1,0,16,8,107,1,-1,no
848,34,10,1,1,1375,0,0,21,9,148,1,-1,no
849,39,1,2,1,649,1,0,15,0,668,1,-1,no
850,36,4,1,2,1133,1,0,4,1,293,1,181,no
851,29,3,1,0,7,0,1,8,5,240,1,-1,no
852,61,9,1,0,6384,0,0,16,10,55,2,-1,no
853,36,3,1,1,556,1,0,7,8,35,3,-1,no
854,60,5,1,1,926,1,0,13,8,291,2,-1,no
855,59,5,1,1,1035,1,1,1,0,126,2,239,no
856,30,7,1,2,81,0,0,22,0,145,1,-1,no
857,47,1,1,1,1568,1,0,21,8,226,3,91,no
858,31,1,2,1,369,1,1,27,8,30,8,-1,no
859,29,9,2,1,323,0,0,27,1,148,2,94,no
860,55,4,0,2,9756,1,0,5,6,103,2,95,no
861,35,4,1,2,641,1,0,12,8,41,1,-1,no
862,33,1,1,1,355,1,0,4,6,87,3,-1,no
863,45,9,1,1,6993,1,0,20,9,283,1,-1,no
864,40,1,1,0,104,1,0,13,8,277,2,343,no
865,38,9,1,1,0,0,0,7,8,55,1,-1,no
866,48,3,1,0,469,0,0,14,1,103,2,-1,no
867,55,4,1,2,16786,0,0,18,9,90,1,-1,no
868,31,6,2,2,120,1,0,8,8,239,2,-1,no
869,49,1,1,1,134,1,1,27,8,265,2,-1,no
870,31,1,2,1,1139,1,0,22,5,101,1,-1,no
871,32,1,1,1,23,1,0,16,8,77,1,-1,no
872,31,9,1,1,4,0,0,20,8,199,4,-1,no
873,45,1,1,2,47,1,0,28,4,1972,2,-1,yes
874,57,4,1,2,1631,1,0,2,0,254,2,261,no
875,35,4,2,2,14,0,0,7,5,167,2,-1,no
876,56,4,1,2,-6,0,0,31,5,29,16,-1,no
877,35,10,2,1,2116,1,0,13,8,409,2,-1,no
878,31,9,2,1,-423,1,0,8,8,103,6,-1,no
879,49,0,1,1,1096,1,0,17,0,609,1,303,no
880,31,1,1,1,1529,1,0,2,6,231,8,-1,no
881,47,1,1,0,362,1,0,18,1,111,8,-1,no
882,43,1,1,1,699,1,1,20,9,1258,2,122,yes
883,37,7,1,1,1543,1,0,16,3,138,2,-1,no
884,30,7,1,2,1019,0,0,4,3,155,1,234,no
885,36,10,1,1,533,1,0,2,3,619,1,272,no
886,34,9,0,1,1301,1,0,25,5,124,2,-1,no
887,39,7,2,2,410,0,0,19,6,266,4,-1,no
888,48,4,1,2,3842,0,0,1,6,215,2,-1,no
889,40,1,2,0,446,1,0,8,0,594,4,331,no
890,53,9,2,2,1,0,0,21,1,190,1,-1,no
891,58,0,1,1,855,0,0,14,1,81,2,-1,no
892,58,2,0,1,0,1,0,7,8,270,3,-1,no
893,51,4,1,2,346,0,0,12,3,122,1,92,no
894,31,4,2,2,34,1,0,28,5,127,4,-1,no
895,50,0,0,1,-194,1,0,13,0,238,2,-1,no
896,36,0,2,1,587,1,0,13,0,239,3,-1,no
897,26,1,0,1,0,1,0,19,8,48,3,-1,no
898,30,4,1,3,385,0,0,26,8,56,2,97,no
899,55,9,1,3,4746,1,0,23,8,288,3,-1,no
900,33,1,1,1,467,1,0,21,8,494,2,-1,no
901,44,9,0,1,14,0,0,13,1,234,1,-1,no
902,45,1,1,0,377,0,0,28,1,26,23,-1,no
903,47,4,0,2,2515,0,0,20,6,40,3,-1,no
904,31,4,2,2,0,1,0,28,5,117,3,-1,no
905,31,9,2,2,3729,1,0,5,3,176,2,8,no
906,42,9,0,2,7190,1,0,29,5,375,2,-1,no
907,30,1,1,1,253,1,0,23,8,160,2,-1,no
908,52,7,1,1,540,1,0,11,8,154,2,340,no
909,34,9,2,2,925,1,0,13,0,709,1,-1,no
910,29,9,2,1,6,0,0,25,8,315,1,-1,no
911,46,10,1,0,641,1,0,19,6,201,1,-1,no
912,27,8,2,1,585,0,0,28,4,180,3,-1,no
913,27,8,1,2,659,1,0,9,8,111,2,-1,no
914,59,4,1,2,1308,0,0,30,5,183,4,-1,no
915,58,6,1,2,8014,1,0,19,8,65,3,-1,no
916,82,5,0,0,0,0,0,6,1,381,3,295,no
917,29,0,1,2,238,0,0,25,8,344,2,88,no
918,54,9,1,3,2564,0,0,12,6,134,1,-1,no
919,48,9,1,2,58,1,0,12,6,110,2,-1,no
920,56,11,1,3,778,0,0,20,6,32,4,-1,no
921,39,2,1,2,5848,1,0,19,9,55,1,-1,no
922,27,6,2,2,168,0,0,13,8,271,1,182,no
923,31,4,2,1,0,0,0,11,3,112,4,85,no
924,46,2,1,1,212,1,0,5,8,332,1,-1,no
925,35,9,1,1,2789,1,0,4,11,256,2,94,no
926,33,4,1,2,415,0,0,4,8,75,5,167,no
927,33,4,2,2,372,1,1,6,8,155,1,-1,no
928,29,0,2,1,345,0,0,11,7,60,3,-1,no
929,39,1,1,1,0,0,0,16,6,289,1,-1,no
930,49,9,1,1,307,0,0,9,2,854,1,-1,yes
931,47,7,2,1,591,0,0,29,5,397,1,-1,no
932,31,3,2,1,49,1,0,8,8,187,3,360,no
933,41,9,2,3,3652,1,0,12,8,127,1,363,no
934,45,4,1,2,54,1,0,13,8,107,3,-1,no
935,53,7,2,1,725,1,0,16,6,227,4,-1,no
936,46,2,1,1,122,0,0,5,3,178,7,-1,no
937,45,1,1,1,-35,1,1,20,6,145,24,-1,no
938,52,1,1,1,2230,0,0,29,10,423,3,-1,no
939,40,4,1,2,198,1,0,18,8,214,5,364,no
940,45,1,1,0,412,1,0,4,3,45,5,265,no
941,53,4,1,2,3443,1,0,28,8,48,2,-1,no
942,29,9,0,1,124,0,0,27,8,125,1,-1,no
943,39,0,0,1,2903,1,1,25,5,259,2,-1,no
944,40,0,1,0,1314,1,0,29,8,284,1,-1,no
945,42,4,1,2,1162,1,0,13,8,406,5,364,no
946,22,8,2,1,216,0,0,6,1,178,1,179,no
947,34,6,1,2,442,1,0,30,0,69,1,164,no
948,46,1,1,3,9328,1,0,5,8,725,3,-1,no
949,54,3,1,0,212,0,0,12,1,81,4,-1,no
950,44,4,1,2,0,1,1,18,9,54,1,-1,no
951,53,3,2,0,1238,0,0,17,6,23,3,-1,no
952,34,4,2,2,1336,0,0,22,1,217,6,-1,no
953,48,4,0,2,-625,1,0,29,8,125,2,-1,no
954,27,1,2,1,45,1,0,9,8,352,1,-1,no
955,40,2,1,2,865,0,0,21,9,170,2,-1,no
956,33,1,1,1,320,1,1,26,8,167,3,-1,no
957,27,0,2,2,1996,1,0,23,8,187,1,-1,no
958,54,9,0,1,83,1,0,6,8,190,3,-1,no
959,34,0,1,1,79,1,0,23,8,83,1,-1,no
960,33,0,1,1,-675,1,0,28,8,245,2,-1,no
961,32,9,2,1,129,1,0,7,8,213,1,-1,no
962,23,1,2,1,206,1,0,20,0,116,3,-1,no
963,51,1,1,0,1938,0,0,19,6,61,1,-1,no
964,38,0,0,1,3834,1,0,13,0,363,2,327,no
965,44,4,1,2,1451,1,0,5,3,80,7,80,no
966,30,4,2,2,596,0,0,4,6,125,2,-1,no
967,52,0,2,3,872,1,0,18,8,82,6,335,no
968,59,5,1,1,374,0,0,29,1,272,2,-1,no
969,26,6,1,2,174,1,0,3,3,222,3,-1,no
970,37,10,1,1,86,0,0,29,4,1424,1,-1,yes
971,46,4,1,2,618,1,0,13,8,54,3,-1,no
972,51,9,1,1,614,1,0,18,8,9,4,-1,no
973,42,4,1,2,356,0,0,19,1,129,4,-1,no
974,39,1,1,0,52,0,0,13,1,69,1,-1,no
975,29,4,1,2,-6,1,0,9,8,324,1,-1,no
976,30,7,2,2,21,0,0,5,10,4,1,-1,no
977,46,4,1,2,48,0,0,13,8,120,1,-1,no
978,45,0,1,1,1501,1,0,13,8,189,3,-1,no
979,34,1,1,1,1924,1,1,1,0,161,2,253,no
980,33,1,2,0,405,1,0,14,8,99,4,353,no
981,34,9,1,1,1,0,0,28,1,535,2,-1,no
982,45,1,1,0,19,1,0,29,8,33,2,-1,no
983,30,2,1,1,12737,0,1,19,9,589,2,-1,no
984,33,1,1,1,-241,1,1,27,8,169,1,-1,no
985,30,9,2,1,1692,1,1,28,8,141,2,-1,no
986,35,0,2,1,414,1,0,13,8,386,2,-1,no
987,40,6,1,0,422,1,0,14,8,187,3,-1,no
988,38,6,1,2,327,1,0,6,8,69,2,-1,no
989,59,5,0,2,3444,0,0,10,1,252,1,185,no
990,35,1,1,0,77,1,0,26,8,282,3,-1,no
991,38,1,2,0,-5,1,0,21,8,30,12,-1,no
992,35,0,2,1,663,1,0,2,0,359,3,-1,no
993,31,0,2,1,1340,0,0,15,8,185,1,-1,no
994,38,9,1,1,710,1,0,17,0,196,1,346,no
995,25,1,2,1,-375,1,0,14,5,61,2,-1,no
996,43,1,2,1,592,1,0,14,8,260,1,-1,no
997,32,9,2,1,801,1,0,17,0,637,1,-1,no
998,33,9,2,1,1769,1,0,18,9,273,1,182,no
999,56,5,1,2,5769,0,0,20,6,15,3,-1,no
1000,42,9,0,1,2861,0,0,22,1,30,5,-1,no
1001,49,2,1,2,4976,1,0,13,8,36,9,173,no
1002,49,7,1,1,1314,0,0,14,1,834,14,-1,no
1003,27,4,2,2,405,1,0,7,8,129,2,-1,no
1004,54,9,1,1,658,0,0,12,1,398,4,-1,no
1005,39,4,1,2,3913,0,0,18,1,150,4,-1,no
1006,58,5,1,1,13,0,0,7,1,92,4,-1,no
1007,60,5,0,2,2166,0,0,20,6,8,9,-1,no
1008,48,1,0,1,-314,1,0,18,8,7,5,-1,no
1009,35,4,2,2,797,1,0,8,8,81,1,-1,no
1010,55,1,1,0,2490,0,0,25,5,106,3,-1,no
1011,33,1,1,1,3259,1,0,20,8,182,1,-1,no
1012,33,4,1,2,812,0,0,22,2,396,1,-1,no
1013,32,0,1,1,0,1,1,1,5,122,1,-1,no
1014,30,4,1,2,739,0,0,17,7,163,2,-1,no
1015,33,4,1,2,1390,0,0,7,11,92,1,84,no
1016,52,0,2,1,2398,1,0,3,9,412,1,-1,no
1017,58,5,1,0,-257,1,1,8,1,163,2,-1,no
1018,26,1,2,1,856,1,1,30,5,95,5,-1,no
1019,51,1,1,0,201,1,0,17,5,582,2,-1,no
1020,46,4,1,2,587,0,0,2,3,186,1,-1,no
1021,36,4,2,2,3139,0,0,3,6,182,5,-1,no
1022,30,0,1,0,-171,1,0,28,8,125,2,-1,no
1023,30,9,2,2,699,1,0,11,1,213,4,-1,no
1024,36,9,0,1,54,1,0,27,1,1642,3,-1,yes
1025,38,0,1,1,47,1,1,31,5,50,11,-1,no
1026,28,7,2,1,899,0,0,11,1,61,1,-1,no
1027,30,0,2,1,265,1,0,25,8,681,1,181,no
1028,49,1,1,0,-157,1,0,7,5,491,3,-1,no
1029,45,1,1,3,5640,1,0,31,5,18,9,-1,no
1030,33,4,2,2,-75,1,1,31,5,22,8,-1,no
1031,29,4,1,2,205,0,0,4,6,787,1,-1,yes
1032,45,9,1,1,1415,1,0,17,9,483,1,116,no
1033,36,4,1,2,6172,1,1,18,9,126,2,-1,no
1034,46,1,1,1,310,1,0,24,5,58,2,-1,no
1035,19,8,2,3,108,0,0,9,7,273,2,182,no
1036,44,1,1,1,130,1,1,11,8,528,1,-1,no
1037,60,11,1,3,7337,0,0,4,1,122,1,-1,no
1038,58,5,1,1,188,0,0,14,1,141,2,-1,no
1039,57,10,1,2,42,0,0,5,8,46,1,-1,no
1040,32,0,1,1,205,0,0,18,5,197,3,-1,no
1041,51,4,1,2,176,1,1,1,6,8,1,687,no
1042,46,1,1,1,689,0,0,18,1,121,7,-1,no
1043,51,9,1,1,0,0,1,23,5,68,3,-1,no
1044,37,0,1,1,96,0,0,5,3,102,1,182,no
1045,45,0,1,1,476,0,0,6,1,356,1,364,yes
1046,49,1,1,0,154,1,0,18,1,26,15,-1,no
1047,50,0,2,1,692,1,0,30,8,136,8,-1,no
1048,47,7,0,2,1639,0,0,12,4,349,1,-1,no
1049,31,9,2,1,433,0,0,11,1,1504,2,-1,yes
1050,44,10,2,0,-4,0,1,30,5,788,2,-1,no
1051,41,1,1,0,951,1,0,20,0,23,4,-1,no
1052,53,7,2,1,1162,1,0,21,9,322,1,-1,no
1053,77,5,1,1,9601,0,0,27,7,515,1,-1,no
1054,41,3,0,1,43,1,0,17,0,198,1,-1,no
1055,32,10,0,0,0,0,0,15,5,175,4,-1,no
1056,45,0,0,1,-121,1,0,3,6,197,5,-1,no
1057,43,6,1,0,0,1,0,30,10,81,1,-1,no
1058,42,9,1,1,300,1,0,19,9,76,1,-1,no
1059,34,9,1,1,603,1,0,28,5,51,4,434,no
1060,38,0,1,1,689,1,0,25,5,270,1,-1,no
1061,38,1,2,0,1465,1,0,16,8,239,2,-1,no
1062,53,3,1,0,5098,1,0,6,6,155,3,-1,no
1063,41,9,0,1,258,0,0,13,1,104,6,-1,no
1064,44,1,2,1,0,0,0,20,0,133,1,-1,no
1065,30,9,2,2,1081,0,0,6,1,377,2,-1,no
1066,59,3,1,0,235,0,0,13,1,119,2,-1,no
1067,40,0,1,1,1614,0,0,24,5,338,1,-1,no
1068,52,1,0,1,0,0,1,15,5,231,2,-1,no
1069,38,1,1,1,924,1,0,21,8,108,2,-1,no
1070,42,10,2,1,139,1,0,5,3,148,2,-1,no
1071,60,5,1,0,7791,0,0,30,0,141,1,-1,no
1072,55,3,0,0,0,0,0,12,6,90,8,-1,no
1073,25,8,2,1,14657,1,0,12,8,194,3,-1,no
1074,43,4,1,1,2115,1,0,18,9,102,1,-1,no
1075,40,9,1,1,1498,0,1,21,1,139,4,-1,no
1076,60,4,1,2,3301,0,0,17,6,2621,3,-1,yes
1077,50,9,0,1,0,0,0,1,0,280,1,184,no
1078,45,10,0,1,728,1,1,18,9,107,1,-1,no
1079,38,4,1,2,0,0,1,31,5,122,2,-1,no
1080,58,4,1,2,0,0,0,20,6,22,4,-1,no
1081,45,4,2,1,5993,0,0,2,6,116,1,-1,no
1082,34,4,0,2,1173,0,1,18,5,93,1,-1,no
1083,59,4,1,0,2345,1,0,15,8,399,1,-1,no
1084,35,0,1,1,159,1,0,9,0,259,2,262,no
1085,32,1,1,0,1261,1,0,23,8,132,1,-1,no
1086,34,4,2,2,2455,0,0,8,1,244,6,-1,no
1087,21,8,2,1,210,0,0,4,3,123,2,174,no
1088,34,4,1,2,1778,0,0,4,9,358,1,162,no
1089,23,1,2,1,537,1,0,7,8,172,1,353,no
1090,27,0,1,0,395,1,0,20,0,122,2,-1,no
1091,66,5,1,1,3409,0,0,19,10,133,3,160,no
1092,33,4,2,2,935,0,0,9,3,385,2,92,no
1093,53,9,0,0,-834,1,1,8,5,130,1,-1,no
1094,47,0,1,1,0,0,0,3,6,110,2,-1,no
1095,51,1,1,0,21614,0,0,29,1,47,20,-1,no
1096,30,6,1,1,421,1,1,17,6,62,4,-1,no
1097,53,4,1,2,3754,0,0,22,0,307,1,278,no
1098,40,0,2,1,664,0,0,21,5,1342,2,-1,yes
1099,39,6,2,1,759,1,0,20,6,100,1,-1,no
1100,44,10,1,1,1590,1,0,12,6,349,1,-1,no
1101,35,1,2,3,871,1,0,6,6,216,3,-1,no
1102,69,3,1,0,1080,0,0,18,1,197,2,118,no
1103,59,5,1,3,1033,0,0,11,6,1199,1,-1,yes
1104,36,1,1,1,2894,1,0,17,5,747,1,-1,no
1105,33,9,1,1,0,1,0,9,3,176,2,262,no
1106,31,9,2,2,696,0,1,11,5,184,2,-1,no
1107,33,7,1,1,-232,1,0,8,8,208,1,-1,no
1108,34,4,2,2,0,0,0,21,1,183,2,-1,no
1109,25,1,2,1,286,1,0,18,8,663,2,-1,no
1110,55,5,1,1,2193,1,1,28,8,72,3,-1,no
1111,36,9,2,1,2151,1,0,13,8,134,1,370,no
1112,26,1,2,1,17891,1,0,3,6,239,1,-1,no
1113,46,7,1,1,1034,0,0,8,1,109,2,-1,no
1114,34,4,2,2,1058,1,0,28,8,864,2,-1,no
1115,26,4,0,2,-402,0,1,12,8,127,2,-1,no
1116,37,0,2,2,869,0,0,30,5,60,8,-1,no
1117,38,8,0,2,2946,0,0,16,6,605,3,-1,no
1118,47,9,1,1,52,0,0,20,1,881,4,-1,yes
1119,37,7,2,1,23,1,0,28,6,197,1,182,no
1120,60,1,1,0,136,1,0,8,8,43,2,-1,no
1121,25,0,2,1,302,0,0,8,5,122,1,-1,no
1122,34,9,1,2,4953,0,0,7,1,235,2,-1,no
1123,53,9,1,1,0,0,0,22,1,77,9,-1,no
1124,35,4,1,1,2311,1,0,5,8,659,1,167,no
1125,38,7,1,1,4582,1,0,16,0,193,1,314,no
1126,38,5,2,3,62,0,0,19,6,212,1,-1,no
1127,46,4,2,0,538,0,0,17,6,118,3,-1,no
1128,50,4,1,2,1859,0,0,11,1,85,5,-1,no
1129,34,2,2,1,318,1,0,6,10,88,1,169,no
1130,51,6,1,0,106,1,0,6,8,217,1,169,no
1131,47,9,1,1,2246,1,0,10,5,330,1,-1,no
1132,53,1,1,0,465,1,0,7,5,111,2,-1,no
1133,33,10,1,1,2,1,0,16,5,132,1,-1,no
1134,48,1,1,1,1730,1,0,10,1,158,1,102,no
1135,40,1,0,0,190,1,1,17,0,139,1,346,no
1136,50,2,0,2,315,0,0,8,4,249,1,119,no
1137,46,1,1,1,640,1,0,12,7,215,1,182,no
1138,31,4,1,2,792,0,0,20,1,763,14,-1,no
1139,30,1,1,1,1171,1,0,17,0,45,7,324,no
1140,42,1,0,0,419,1,1,14,8,96,4,-1,no
1141,35,8,2,1,188,1,0,5,8,863,1,78,yes
1142,44,3,1,2,460,0,0,17,6,491,1,-1,no
1143,28,4,1,2,3516,0,0,17,5,232,1,-1,no
1144,42,4,1,2,2772,1,0,2,0,244,1,-1,no
1145,36,4,1,2,441,1,1,17,9,160,2,-1,no
1146,33,4,2,2,76,1,0,7,8,256,3,-1,no
1147,24,1,1,1,94,1,0,12,8,166,2,-1,no
1148,25,8,2,1,8,0,0,22,0,107,2,-1,no
1149,32,9,2,2,705,1,0,20,0,20,4,-1,no
1150,34,10,1,1,156,1,0,5,8,136,5,-1,no
1151,44,4,1,2,1732,1,0,30,8,43,1,-1,no
1152,33,1,2,1,231,1,0,2,6,466,1,-1,no
1153,38,1,1,0,354,1,0,13,8,47,1,-1,no
1154,35,9,2,2,174,1,0,5,8,105,1,-1,no
1155,37,4,1,2,825,1,0,11,1,214,5,-1,no
1156,33,9,2,2,119,0,1,21,5,202,3,-1,no
1157,56,3,1,0,0,1,1,11,5,118,2,-1,no
1158,34,7,1,1,205,1,0,7,8,312,1,-1,no
1159,52,0,0,1,363,1,0,21,1,168,1,462,no
1160,53,9,1,1,1389,0,0,30,5,34,4,-1,no
1161,54,7,0,3,2177,0,0,20,8,134,5,-1,no
1162,35,0,2,1,182,1,0,3,6,117,1,-1,no
1163,34,7,1,1,2021,1,1,17,0,51,6,148,no
1164,41,0,2,1,84,1,0,6,6,238,3,-1,no
1165,48,9,1,2,0,0,0,19,1,58,2,-1,no
1166,55,4,1,2,12675,0,0,19,9,195,2,-1,no
1167,42,0,1,1,176,0,0,31,5,201,2,-1,no
1168,83,5,1,2,4761,0,0,9,6,294,2,93,no
1169,36,0,2,1,281,0,0,9,5,225,2,-1,no
1170,43,1,1,0,555,1,0,12,8,175,2,369,no
1171,25,1,2,1,150,1,0,5,6,492,2,-1,no
1172,30,1,1,0,179,1,0,29,8,764,2,-1,no
1173,41,2,1,2,340,1,0,16,5,206,2,-1,no
1174,57,2,1,3,657,0,0,12,6,344,1,-1,no
1175,37,9,1,2,127,1,0,13,3,71,1,-1,no
1176,35,1,2,1,2514,1,0,4,6,85,5,-1,no
1177,48,4,1,2,58,0,1,14,5,102,2,-1,no
1178,47,3,1,0,389,0,0,6,6,145,2,-1,no
1179,27,7,2,1,4923,1,0,19,8,57,7,-1,no
1180,33,1,1,1,1722,1,0,20,0,7,7,-1,no
1181,44,1,1,0,749,1,0,16,6,424,2,-1,no
1182,31,4,2,2,518,1,0,18,8,399,1,-1,no
1183,53,4,0,2,0,0,0,9,8,44,2,-1,no
1184,35,9,1,1,433,0,0,28,1,14,16,-1,no
1185,42,4,0,2,497,0,0,15,8,84,22,-1,no
1186,33,4,1,2,158,0,0,30,0,169,2,83,no
1187,26,1,1,1,1028,1,1,19,6,431,1,-1,no
1188,30,4,2,1,3259,1,0,23,5,495,1,-1,no
1189,51,7,1,0,314,1,1,8,8,713,3,-1,no
1190,59,4,1,0,0,1,0,7,8,123,3,-1,no
1191,45,0,2,1,206,1,0,5,8,193,1,-1,no
1192,54,9,1,1,324,1,0,13,8,51,1,-1,no
1193,36,7,1,1,878,1,0,20,0,108,1,-1,no
1194,19,8,2,0,1247,0,0,23,0,94,1,-1,no
1195,34,4,2,2,395,1,0,16,0,316,2,-1,no
1196,50,4,0,2,201,1,0,24,5,248,1,-1,no
1197,35,9,1,1,289,1,0,11,1,80,10,-1,no
1198,59,10,1,1,561,0,0,19,10,323,2,-1,no
1199,46,1,1,1,624,1,0,16,0,201,1,-1,no
1200,37,4,2,2,5340,1,0,19,9,101,2,104,no
1201,55,0,1,1,1633,0,0,11,4,210,1,192,no
1202,82,5,1,0,103,0,0,1,11,368,1,-1,no
1203,47,0,1,1,1387,1,0,14,10,158,1,826,no
1204,45,4,1,2,523,1,0,5,8,849,2,-1,no
1205,45,1,2,1,0,1,0,16,10,283,1,165,no
1206,45,4,1,2,655,0,0,20,6,693,3,-1,no
1207,38,4,0,2,904,1,0,8,8,475,1,-1,no
1208,26,1,2,1,277,0,0,14,8,514,2,-1,no
1209,56,3,0,0,864,0,0,17,5,46,6,-1,no
1210,44,7,1,1,-18,0,1,23,5,510,2,-1,no
1211,48,0,2,1,479,1,1,18,6,533,3,-1,no
1212,31,4,2,2,528,0,1,21,9,5,7,-1,no
1213,36,1,1,0,0,1,0,21,8,59,2,-1,no
1214,33,9,2,2,1190,1,0,17,0,50,2,252,no
1215,34,1,1,1,157,1,0,11,5,254,2,-1,no
1216,31,7,1,1,179,1,0,14,8,365,1,351,no
1217,38,9,1,1,318,0,0,4,3,383,1,181,no
1218,29,10,2,0,115,0,0,29,4,61,2,-1,no
1219,59,5,1,1,1980,0,0,11,1,185,2,-1,no
1220,28,1,1,1,-470,1,0,7,8,275,2,-1,no
1221,46,5,1,1,2396,0,0,8,8,307,1,-1,no
1222,52,4,1,1,4096,1,0,4,6,208,4,-1,no
1223,42,4,1,2,5,0,0,21,9,1067,2,-1,yes
1224,45,4,1,2,212,0,0,21,0,65,2,-1,no
1225,41,2,1,3,89,1,0,6,8,333,2,-1,no
1226,40,7,1,1,1291,0,1,12,6,138,1,-1,no
1227,32,9,1,1,2,1,1,8,5,143,1,-1,no
1228,60,1,1,3,2090,1,0,7,8,957,2,-1,yes
1229,36,10,1,1,1766,0,0,11,6,595,2,-1,no
1230,54,1,1,1,1288,1,0,14,8,170,1,-1,no
1231,36,9,1,1,195,1,0,8,8,380,2,-1,no
1232,35,7,1,1,39,0,0,7,8,143,1,-1,no
1233,33,9,2,1,0,1,1,9,3,47,2,12,no
1234,37,7,1,1,1627,1,0,12,6,602,2,-1,no
1235,46,1,1,1,0,1,0,29,8,328,2,-1,no
1236,38,9,2,1,1019,1,0,6,8,249,1,-1,no
1237,48,4,1,2,3842,0,0,1,10,168,1,122,no
1238,35,4,1,2,62,0,0,7,8,226,2,88,no
1239,32,9,2,1,-28,0,1,4,5,400,1,-1,no
1240,37,7,1,1,1543,1,0,12,8,451,4,85,no
1241,36,4,1,2,-92,0,1,18,9,196,3,-1,no
1242,33,4,1,2,901,0,0,11,1,76,2,-1,no
1243,27,7,2,1,-151,0,0,8,5,283,2,-1,no
1244,40,0,1,1,0,0,0,16,5,29,8,-1,no
1245,35,4,2,2,704,0,0,21,0,164,1,-1,no
1246,45,5,1,0,1152,0,0,18,6,234,2,-1,no
1247,45,4,2,2,4831,0,0,29,4,479,11,-1,no
1248,30,2,1,1,1539,1,1,27,8,166,9,-1,no
1249,59,5,1,1,2291,0,1,19,9,190,1,128,no
1250,38,1,1,1,961,1,0,16,8,346,1,-1,no
1251,44,1,1,0,279,1,0,17,0,85,1,339,no
1252,49,1,1,1,16,1,0,16,8,193,11,-1,no
1253,56,5,1,1,393,0,1,17,2,103,1,206,no
1254,38,4,0,2,4335,1,0,18,8,157,7,179,no
1255,29,7,2,1,102,0,0,12,5,154,1,182,no
1256,47,4,1,2,1122,0,0,24,2,956,1,-1,yes
1257,77,5,1,2,0,0,0,16,10,847,1,60,yes
1258,41,1,2,1,428,1,0,12,8,92,1,-1,no
1259,37,4,1,2,1125,1,0,3,6,301,1,-1,no
1260,33,7,1,1,930,0,1,24,5,149,2,-1,no
1261,63,5,1,0,3738,0,0,9,9,301,1,456,no
1262,32,7,2,3,2378,0,0,17,9,1132,2,-1,yes
1263,40,0,1,1,2621,0,1,9,5,607,4,-1,no
1264,53,1,1,0,1301,0,0,11,1,164,1,-1,no
1265,38,1,1,1,13849,1,0,9,0,286,4,321,no
1266,25,4,1,0,168,1,0,3,6,801,1,-1,no
1267,57,4,0,2,3287,0,0,30,7,277,2,337,no
1268,55,10,1,2,5345,0,0,6,8,278,1,-1,no
1269,43,9,1,1,576,0,0,2,3,229,1,-1,no
1270,45,1,1,1,1964,1,0,30,8,78,1,-1,no
1271,31,1,2,1,23,0,0,21,9,116,1,-1,no
1272,45,11,1,3,360,0,0,11,6,157,9,-1,no
1273,58,4,1,2,37,0,0,28,4,236,2,-1,no
1274,35,1,1,0,2281,1,0,18,8,126,2,362,no
1275,36,0,1,1,4785,0,1,6,6,250,1,-1,no
1276,29,9,2,2,865,0,0,17,8,248,3,243,no
1277,52,2,1,1,113,1,1,5,8,127,1,-1,no
1278,39,3,1,0,694,1,1,18,9,91,1,168,no
1279,74,5,0,2,3810,1,0,17,8,492,1,-1,no
1280,25,9,2,1,218,0,1,8,5,272,1,-1,no
1281,25,8,2,3,722,0,0,21,0,623,2,-1,yes
1282,30,9,0,1,2403,0,0,20,1,132,2,-1,no
1283,32,0,1,2,1,1,1,10,5,143,1,-1,no
1284,54,1,1,1,-135,1,0,14,8,152,3,370,no
1285,38,1,1,1,451,0,0,30,4,143,1,-1,no
1286,25,7,1,1,806,1,1,15,8,193,2,-1,no
1287,59,1,1,0,3302,0,0,15,0,85,2,-1,no
1288,45,1,1,1,79,1,0,25,5,98,1,-1,no
1289,49,1,1,1,26,1,0,6,8,276,2,-1,no
1290,42,1,1,1,160,1,1,26,6,190,1,-1,no
1291,41,9,1,1,90,0,0,9,6,171,2,-1,no
1292,29,7,1,1,13,0,0,10,5,90,1,-1,no
1293,29,9,2,1,247,1,0,8,8,134,1,-1,no
1294,36,1,2,1,2390,1,0,20,8,446,12,-1,no
1295,40,9,0,1,841,0,1,29,1,36,2,-1,no
1296,51,1,1,0,91,0,1,19,6,368,2,-1,no
1297,40,9,0,2,4736,1,0,11,3,285,2,-1,no
1298,50,9,0,3,2794,0,0,13,9,350,5,93,no
1299,58,1,0,0,2716,0,0,20,9,163,2,-1,no
1300,33,9,1,1,2666,0,0,19,1,117,3,-1,no
1301,54,4,1,2,2883,0,0,18,1,1126,5,-1,yes
1302,36,2,1,1,313,1,0,29,4,167,2,198,no
1303,35,1,1,1,911,1,0,20,9,434,2,181,no
1304,63,2,1,2,2707,0,0,16,9,57,4,-1,no
1305,44,4,1,2,1802,0,0,19,1,105,5,-1,no
1306,31,0,0,1,1210,0,0,16,5,350,1,-1,no
1307,42,4,1,0,5310,1,0,25,9,968,2,97,no
1308,43,0,2,1,1119,0,0,22,5,119,2,-1,no
1309,50,9,1,1,0,1,1,18,9,126,2,-1,no
1310,60,4,0,2,366,0,0,3,6,593,1,-1,no
1311,31,9,2,2,-241,1,0,18,8,333,2,355,no
1312,25,9,2,2,800,1,0,13,8,151,4,-1,no
1313,26,1,2,1,1006,1,0,14,8,667,1,-1,no
1314,60,5,2,2,568,0,0,17,6,81,1,-1,no
1315,53,1,0,0,235,0,0,30,5,241,2,-1,no
1316,44,9,1,1,106,1,0,16,5,164,6,-1,no
1317,57,1,0,0,-176,1,0,8,8,275,1,-1,no
1318,56,4,2,2,15311,0,0,29,0,157,6,-1,no
1319,34,9,2,2,82,0,0,19,1,292,4,-1,no
1320,40,4,0,2,99,0,0,11,1,275,2,-1,no
1321,36,2,0,2,299,1,0,18,9,583,2,-1,no
1322,37,1,2,1,111,1,0,5,3,60,2,272,no
1323,41,0,1,1,4539,0,0,30,8,298,3,-1,no
1324,33,7,2,1,3910,1,0,19,9,676,2,-1,no
1325,43,2,1,0,629,1,0,2,3,70,3,265,no
1326,60,5,1,1,819,1,0,19,8,110,2,-1,no
1327,41,0,1,1,351,1,0,5,8,518,1,-1,no
1328,30,4,2,2,112,1,1,12,8,451,2,349,no
1329,60,1,1,3,3538,0,0,11,6,261,1,-1,no
1330,51,1,1,0,610,1,1,30,8,436,3,-1,no
1331,33,1,1,0,-81,1,0,8,8,267,1,-1,no
1332,35,4,1,2,12256,1,0,19,9,308,4,-1,no
1333,39,1,1,0,34,1,0,27,8,114,1,-1,no
1334,52,9,1,1,386,0,0,20,0,438,1,-1,no
1335,36,4,2,2,1,1,0,13,8,131,1,-1,no
1336,48,4,1,2,288,0,0,18,1,585,3,-1,no
1337,33,9,1,2,2728,0,0,5,1,295,2,-1,no
1338,38,7,1,1,311,0,1,25,5,114,12,-1,no
1339,44,3,1,0,0,0,0,20,1,174,5,-1,no
1340,54,9,1,1,415,1,0,19,6,34,31,-1,no
1341,35,4,2,2,2988,1,0,25,8,179,1,-1,no
1342,51,9,1,2,5059,1,0,31,5,189,2,-1,no
1343,53,3,1,0,70,0,0,21,1,77,8,-1,no
1344,58,5,1,0,3,0,0,14,1,158,2,-1,no
1345,45,1,1,0,810,1,0,15,8,213,4,-1,no
1346,43,9,1,1,307,0,0,21,5,145,2,-1,no
1347,47,1,0,0,556,1,0,14,8,227,4,-1,no
1348,25,9,1,1,517,0,0,28,8,135,3,-1,no
1349,38,1,0,1,887,1,0,7,8,722,1,-1,no
1350,31,2,2,2,206,0,0,15,6,88,2,-1,no
1351,36,1,1,0,106,1,0,18,8,31,6,-1,no
1352,31,9,1,2,1410,1,0,21,8,42,1,-1,no
1353,29,0,2,1,210,0,1,8,5,140,1,-1,no
1354,37,0,1,0,3913,1,0,9,6,76,2,-1,no
1355,34,4,1,2,651,0,0,20,1,160,4,-1,no
1356,44,9,1,1,1901,0,0,6,1,165,2,-1,no
1357,46,7,0,1,15,0,0,19,9,314,3,-1,no
1358,43,4,1,2,544,1,0,27,6,154,6,-1,no
1359,35,4,1,2,2316,0,0,20,6,8,3,-1,no
1360,53,9,1,1,230,0,1,13,1,112,2,-1,no
1361,46,0,1,1,0,1,0,5,7,135,1,-1,no
1362,33,0,1,1,1499,1,0,21,8,144,2,-1,no
1363,58,3,1,2,6316,0,0,21,9,91,1,-1,no
1364,31,1,2,1,-9,1,1,11,6,115,16,-1,no
1365,43,4,1,2,839,0,0,22,5,942,1,-1,yes
1366,26,10,2,1,1064,0,0,31,8,113,1,-1,no
1367,34,1,0,1,1125,1,1,19,9,141,2,-1,no
1368,37,9,1,1,0,0,1,24,5,101,1,-1,no
1369,70,5,1,0,7781,0,0,3,5,222,1,-1,no
1370,32,1,1,0,131,1,0,21,8,212,2,-1,no
1371,32,1,1,1,931,1,0,3,6,409,1,-1,no
1372,87,5,1,0,230,0,0,30,10,144,1,-1,no
1373,75,5,1,1,3771,0,0,15,0,185,1,181,no
1374,41,10,1,0,-117,1,0,6,3,117,6,-1,no
1375,81,5,0,0,4321,0,0,11,1,163,3,-1,no
1376,36,7,1,1,0,1,0,18,9,1093,2,-1,yes
1377,33,4,2,2,1956,0,0,8,9,76,1,-1,no
1378,29,9,1,1,1599,1,0,8,8,36,1,-1,no
1379,38,4,1,2,1875,0,0,17,9,286,1,-1,no
1380,28,1,1,1,597,1,0,8,8,223,2,-1,no
1381,27,1,2,1,-208,1,0,21,8,127,2,-1,no
1382,33,1,2,3,129,1,1,30,0,482,1,161,no
1383,33,9,0,1,250,1,1,7,8,277,1,-1,no
1384,42,1,1,3,1323,1,0,19,8,19,1,-1,no
1385,46,1,1,1,78,1,1,7,8,145,1,-1,no
1386,38,1,1,1,67,0,0,28,4,74,1,239,no
1387,52,4,1,2,-11,1,0,11,8,94,4,-1,no
1388,31,4,1,2,153,1,0,14,5,118,3,-1,no
1389,46,1,1,0,1483,1,0,14,8,174,3,-1,no
1390,45,9,2,1,4367,1,0,27,3,71,1,-1,no
1391,31,6,1,1,731,0,1,8,5,188,1,-1,no
1392,59,0,1,1,-396,1,0,26,8,204,1,-1,no
1393,39,1,1,1,230,1,1,21,5,38,1,-1,no
1394,49,1,1,0,3028,1,0,12,8,216,2,259,no
1395,32,7,1,1,426,1,1,7,8,383,1,339,no
1396,37,0,2,2,1000,1,0,15,6,322,1,90,no
1397,33,9,0,1,10,1,1,18,9,167,5,-1,no
1398,24,8,2,2,1535,1,0,12,8,126,2,-1,no
1399,33,9,1,2,4401,0,0,12,1,96,2,104,no
1400,31,9,1,2,1197,1,0,24,6,351,3,-1,no
1401,59,9,1,1,358,0,0,1,5,183,2,-1,no
1402,33,10,2,2,685,1,0,2,3,105,1,96,no
1403,45,9,1,1,1118,1,0,22,5,27,1,-1,no
1404,86,5,0,0,0,0,0,26,1,189,1,-1,no
1405,31,0,2,2,541,0,0,5,3,100,1,-1,no
1406,55,1,1,1,2854,1,0,7,8,312,1,-1,no
1407,31,1,1,1,295,1,1,13,8,193,3,344,no
1408,64,4,1,0,0,1,0,16,3,65,1,-1,no
1409,52,0,1,1,2851,0,1,2,3,35,1,-1,no
1410,41,1,1,1,16,0,0,29,4,553,2,-1,no
1411,34,1,1,1,199,1,0,8,8,627,3,-1,no
1412,27,7,2,1,123,1,0,12,8,105,3,-1,no
1413,57,4,1,1,287,0,1,5,3,75,1,8,no
1414,44,9,1,2,964,0,0,29,5,158,2,-1,no
1415,39,1,2,1,169,1,0,9,8,38,1,-1,no
1416,40,1,1,1,3765,1,0,20,9,87,2,-1,no
1417,49,3,0,1,267,0,0,9,3,23,5,-1,no
1418,34,0,2,1,6979,1,0,15,8,14,5,-1,no
1419,56,9,1,1,2065,0,0,14,1,71,2,-1,no
1420,55,1,1,1,2059,1,0,11,8,149,1,259,no
1421,52,9,1,2,3440,1,0,17,9,124,1,131,no
1422,34,0,2,1,296,0,0,20,9,68,1,136,no
1423,58,1,1,0,226,1,1,10,8,135,3,-1,no
1424,33,9,1,1,668,1,1,13,8,771,2,173,no
1425,39,1,1,0,317,1,0,13,8,326,3,-1,no
1426,63,5,0,2,0,0,0,13,8,263,1,181,no
1427,41,4,0,2,1,1,0,19,6,244,1,-1,no
1428,39,0,1,1,6421,0,1,20,8,661,1,-1,no
1429,55,10,1,2,457,1,0,5,6,61,3,-1,no
1430,32,1,2,1,-197,0,1,8,5,99,1,-1,no
1431,34,4,2,2,454,0,0,14,1,76,3,-1,no
1432,46,5,2,0,1190,0,0,6,6,316,2,-1,no
1433,29,4,1,2,-218,1,0,28,8,121,1,-1,no
1434,54,5,1,0,11,1,1,18,1,48,10,-1,no
1435,31,9,2,1,0,0,0,29,1,157,2,-1,no
1436,47,4,1,2,866,0,0,20,6,7,7,-1,no
1437,47,4,2,2,440,0,0,21,1,71,4,-1,no
1438,31,1,1,1,625,1,0,2,5,135,2,49,no
1439,33,4,1,2,530,1,0,8,1,94,2,-1,no
1440,56,2,0,0,3,0,0,20,6,111,1,-1,no
1441,32,7,1,1,-220,1,1,25,5,123,2,-1,no
1442,56,4,1,2,-1493,0,1,28,5,119,4,-1,no
1443,48,4,1,2,1567,1,0,20,1,77,3,-1,no
1444,36,9,1,1,319,1,0,29,4,29,1,266,no
1445,32,9,2,1,0,1,1,6,8,135,3,-1,no
1446,43,3,1,1,1476,0,0,12,6,216,2,-1,no
1447,34,1,2,1,186,0,0,2,3,342,1,-1,no
1448,44,9,1,1,736,1,0,14,8,210,2,-1,no
1449,54,4,1,2,69,0,0,11,6,113,1,-1,no
1450,26,1,2,1,100,1,0,9,8,24,1,-1,no
1451,34,4,0,2,500,1,0,29,8,399,1,-1,no
1452,52,1,1,1,1440,1,0,20,0,270,2,325,no
1453,30,1,1,1,-166,1,1,13,8,255,5,-1,no
1454,32,0,2,1,-32,0,0,29,4,320,1,185,no
1455,47,9,1,1,351,1,0,14,8,367,3,-1,no
1456,43,1,1,1,-19,1,0,5,3,124,3,-1,no
1457,47,2,1,1,8480,0,0,29,1,137,9,-1,no
1458,59,3,1,0,935,1,0,19,9,103,3,166,no
1459,39,4,1,2,1191,0,0,17,6,139,1,-1,no
1460,31,9,2,1,1,1,0,12,8,223,1,-1,no
1461,47,9,0,1,2836,0,1,14,1,10,2,-1,no
1462,39,10,1,1,74,1,0,28,5,71,6,-1,no
1463,47,0,1,1,310,1,1,14,1,128,6,-1,no
1464,45,1,2,1,91,0,1,14,5,55,2,-1,no
1465,31,10,1,0,213,1,0,9,8,479,2,-1,no
1466,36,0,1,3,991,0,0,14,4,589,2,-1,yes
1467,74,5,1,2,4912,0,0,20,0,268,2,181,no
1468,38,0,1,1,46,1,1,6,8,195,1,-1,no
1469,54,9,1,1,719,1,0,2,3,242,1,264,no
1470,39,1,0,3,528,1,0,21,8,111,5,-1,no
1471,27,4,2,2,3,1,1,22,5,506,1,-1,no
1472,29,1,2,1,218,0,0,7,5,255,2,-1,no
1473,28,7,2,1,0,0,1,16,5,133,1,-1,no
1474,28,8,2,1,39,1,0,20,0,149,1,-1,no
1475,48,1,2,0,10442,0,0,6,6,63,2,-1,no
1476,54,1,1,1,532,1,0,14,8,220,1,-1,no
1477,35,9,1,1,-255,1,0,13,8,196,3,265,no
1478,37,1,1,0,3242,1,0,21,8,233,1,-1,no
1479,30,6,2,1,635,0,1,14,5,209,2,-1,no
1480,29,10,2,0,34,0,0,5,3,227,1,-1,no
1481,42,2,2,2,231,0,0,17,6,241,1,-1,no
1482,28,9,1,2,1198,0,1,10,5,57,3,-1,no
1483,43,2,1,2,903,1,0,7,0,197,1,-1,no
1484,57,2,1,1,2464,0,0,1,6,113,1,-1,no
1485,47,0,1,1,2152,0,0,2,3,138,1,-1,no
1486,51,1,0,1,104,0,0,9,5,71,1,-1,no
1487,43,1,1,1,1025,1,0,2,6,106,1,-1,no
1488,33,4,1,2,1388,1,0,31,8,158,1,202,no
1489,39,4,1,2,21111,1,0,26,8,695,4,-1,no
1490,31,0,1,1,717,1,0,2,6,130,1,-1,no
1491,28,7,2,1,430,1,0,8,8,158,2,350,no
1492,32,2,1,2,1496,0,0,4,3,267,1,-1,no
1493,27,4,1,2,2729,1,0,24,5,218,2,-1,no
1494,58,0,1,1,1142,0,0,4,3,82,3,-1,no
1495,57,9,0,1,2710,1,1,7,8,333,1,-1,no
1496,47,5,0,1,0,0,0,19,6,141,1,-1,no
1497,31,1,2,0,71,1,0,20,0,185,3,336,no
1498,38,9,2,2,4325,1,0,6,8,87,1,-1,no
1499,51,7,1,2,218,1,0,7,8,154,3,363,no
1500,57,9,1,0,0,0,0,5,6,58,8,-1,no
1501,40,4,1,1,156,0,0,19,9,357,1,-1,no
1502,41,10,1,1,2423,1,0,4,3,101,1,-1,no
1503,50,1,1,0,216,1,0,13,8,137,1,369,no
1504,40,0,0,1,274,1,1,25,5,53,4,-1,no
1505,52,7,0,1,220,1,0,7,8,143,3,-1,no
1506,37,7,2,1,1045,0,0,17,7,406,2,41,no
1507,31,10,2,1,-15,1,0,12,8,278,2,370,no
1508,59,1,1,0,2192,0,0,12,1,365,2,-1,no
1509,44,0,1,3,40,0,1,6,8,160,2,-1,no
1510,32,9,1,1,1830,1,0,21,8,293,1,-1,no
1511,36,4,2,2,181,1,0,13,8,159,2,278,no
1512,39,1,2,1,631,1,0,12,8,57,2,344,no
1513,50,4,2,2,1300,1,0,13,8,379,2,-1,no
1514,56,3,1,0,19,0,0,13,1,111,2,-1,no
1515,38,7,0,1,49,1,0,18,8,43,1,367,no
1516,43,11,1,0,2113,0,0,29,5,33,2,-1,no
1517,26,1,2,1,-128,0,1,8,5,392,2,-1,no
1518,57,4,1,2,1963,0,1,8,1,178,3,-1,no
1519,33,0,1,1,95,1,0,10,1,155,1,102,no
1520,45,9,2,1,819,0,1,17,9,200,1,-1,no
1521,52,0,1,0,204,0,0,19,1,123,2,-1,no
1522,47,1,1,0,-187,0,0,3,5,652,1,-1,no
1523,26,1,2,1,82,1,0,9,8,654,1,-1,no
1524,40,6,1,1,0,0,0,22,1,55,6,-1,no
1525,37,4,1,2,8821,1,0,14,8,167,1,-1,no
1526,59,1,0,0,1,0,1,8,5,214,1,-1,no
1527,26,7,2,1,3,0,1,21,5,140,4,-1,no
1528,29,1,1,3,163,1,1,23,5,586,2,-1,no
1529,32,9,2,1,337,1,0,29,4,213,2,261,no
1530,22,0,2,1,372,0,0,6,10,218,1,-1,no
1531,48,4,2,1,7,0,0,4,3,191,1,-1,no
1532,31,9,2,2,387,0,0,4,1,149,1,-1,no
1533,48,1,1,0,231,1,0,9,8,752,3,-1,no
1534,57,3,1,0,571,0,0,26,7,181,2,-1,no
1535,45,1,1,0,91,1,0,15,8,239,2,-1,no
1536,26,2,2,1,265,1,0,28,8,593,1,-1,no
1537,45,4,1,2,766,1,0,25,5,59,15,-1,no
1538,29,9,1,1,767,1,0,5,3,253,1,-1,no
1539,37,1,1,1,208,0,0,13,8,466,1,-1,no
1540,48,9,1,1,-280,1,1,18,5,300,1,-1,no
1541,41,9,1,2,231,0,0,26,1,428,2,-1,no
1542,41,7,0,1,787,1,0,8,8,297,2,-1,no
1543,37,1,2,1,7622,1,1,6,8,111,1,-1,no
1544,52,4,2,2,2290,0,0,30,0,195,2,268,no
1545,34,1,1,1,856,1,0,20,0,470,1,150,no
1546,33,1,0,3,-274,1,1,17,0,715,2,329,no
1547,39,1,2,1,1961,0,0,21,8,216,1,-1,no
1548,37,4,2,1,0,1,1,2,0,450,2,-1,no
1549,71,5,0,2,780,0,0,22,0,220,1,-1,no
1550,35,4,1,2,86,1,0,19,1,144,3,-1,no
1551,56,4,1,2,0,1,0,5,8,259,2,-1,no
1552,52,4,1,0,3343,0,0,13,10,227,1,-1,no
1553,53,1,0,1,517,1,0,18,6,188,2,-1,no
1554,28,1,2,1,5149,1,0,2,6,232,3,-1,no
1555,31,7,2,2,2332,0,0,17,3,228,1,-1,no
1556,32,9,2,1,7558,1,0,19,9,581,2,-1,no
1557,48,4,1,2,1519,0,0,25,1,360,5,-1,no
1558,34,7,1,0,1042,1,0,20,8,167,1,-1,no
1559,48,1,1,1,2008,0,0,21,1,238,4,-1,no
1560,76,5,1,2,2991,0,0,22,10,344,1,183,no
1561,49,1,1,1,3309,1,0,15,8,349,2,-1,no
1562,46,1,1,0,1429,1,0,14,8,91,1,-1,no
1563,45,7,0,1,-28,0,1,30,4,87,1,-1,no
1564,32,0,2,1,1465,0,0,30,4,118,5,-1,no
1565,46,7,1,1,561,1,0,9,3,84,4,256,no
1566,66,5,1,1,995,0,0,27,3,131,2,-1,no
1567,43,4,1,1,445,0,0,22,1,108,18,-1,no
1568,36,4,0,2,133,1,0,9,8,117,1,-1,no
1569,49,0,1,3,1101,0,0,18,1,29,3,-1,no
1570,45,5,0,0,261,0,0,9,6,123,1,-1,no
1571,38,6,1,1,1029,1,0,4,3,206,3,223,no
1572,43,2,1,0,2315,1,1,14,8,42,1,-1,no
1573,33,9,1,2,565,1,0,8,8,77,2,-1,no
1574,31,1,2,1,-78,1,1,23,8,198,2,-1,no
1575,31,4,2,2,12,1,0,9,8,330,4,-1,no
1576,50,9,1,2,3117,0,0,9,6,174,1,-1,no
1577,26,8,2,2,37,1,0,8,8,108,1,-1,no
1578,59,5,0,0,1194,1,0,15,6,132,4,389,no
1579,53,0,1,1,350,0,1,17,9,113,3,132,no
1580,29,4,1,2,715,1,0,28,8,461,1,-1,no
1581,60,1,1,0,0,0,0,22,1,195,1,-1,no
1582,35,0,2,2,5007,1,0,13,1,73,1,112,no
1583,46,9,1,1,138,1,0,7,0,226,2,-1,no
1584,53,1,1,1,0,0,1,15,5,152,4,-1,no
1585,69,5,1,2,473,0,0,7,5,112,1,78,no
1586,37,1,1,0,1160,1,0,9,8,255,2,-1,no
1587,39,4,2,2,3840,1,0,11,1,315,2,-1,no
1588,31,9,1,1,1230,0,0,21,9,7,4,-1,no
1589,55,4,1,2,2960,1,0,31,1,81,1,98,no
1590,35,1,1,1,911,1,0,14,8,136,2,175,no
1591,23,8,2,2,577,0,0,27,0,44,3,-1,no
1592,26,7,1,1,0,0,0,18,5,409,2,-1,no
1593,36,9,1,1,331,0,0,22,1,239,4,-1,no
1594,23,0,2,1,0,1,0,17,0,171,2,-1,no
1595,48,2,1,2,269,1,0,19,6,149,1,-1,no
1596,35,4,1,2,3083,0,0,20,6,274,9,-1,no
1597,59,5,1,1,2011,0,0,21,9,222,2,-1,no
1598,35,0,2,1,6554,0,0,29,5,226,1,-1,no
1599,58,11,1,0,7369,0,0,4,6,247,2,-1,no
1600,54,2,1,1,401,1,0,11,8,341,1,-1,no
1601,38,4,1,2,76,1,0,7,5,196,3,-1,no
1602,35,7,2,1,-267,1,0,27,8,193,1,-1,no
1603,54,9,1,1,-777,0,1,12,1,117,2,-1,no
1604,36,4,1,2,495,0,0,5,1,157,3,97,no
1605,31,0,2,1,121,1,0,20,8,187,1,-1,no
1606,56,5,1,2,24,0,1,9,5,44,1,-1,no
1607,31,7,1,1,288,0,0,30,4,164,1,-1,no
1608,40,10,2,1,75,1,0,29,8,203,1,-1,no
1609,35,3,1,2,3831,0,0,20,9,59,2,-1,no
1610,28,1,2,0,1518,1,0,15,8,204,3,359,no
1611,38,9,1,1,9,1,0,9,8,129,3,-1,no
1612,31,1,1,3,-13,1,0,30,8,176,4,-1,no
1613,52,7,0,1,-57,0,0,5,3,140,1,-1,no
1614,42,0,1,3,756,0,0,7,8,116,3,-1,no
1615,40,1,1,0,4,0,0,20,6,287,9,-1,no
1616,54,4,1,2,534,0,0,1,6,177,2,-1,no
1617,31,7,1,2,-90,0,1,1,5,173,1,-1,no
1618,53,6,2,1,731,0,0,21,9,251,2,-1,no
1619,34,9,1,1,484,0,0,9,8,84,4,-1,no
1620,24,8,2,1,7,1,0,30,8,86,3,-1,no
1621,47,4,1,2,33,1,1,20,6,14,25,-1,no
1622,38,0,1,1,505,1,1,21,9,119,1,157,no
1623,34,9,1,1,1,0,1,25,6,53,1,-1,no
1624,33,1,1,1,217,1,0,15,8,561,1,-1,no
1625,45,4,1,2,31472,0,0,19,5,568,7,-1,no
1626,67,5,1,0,2301,0,0,16,0,124,1,-1,no
1627,51,4,1,2,-20,0,0,19,9,139,3,-1,no
1628,28,1,2,1,67,0,0,3,3,20,5,-1,no
1629,34,10,2,1,1586,0,0,5,3,355,2,-1,no
1630,54,3,1,1,209,1,1,25,5,97,1,-1,no
1631,58,1,1,1,1298,1,0,29,8,516,4,-1,no
1632,28,0,2,1,1143,1,1,4,5,260,3,-1,no
1633,46,1,1,1,853,0,0,11,5,1187,3,-1,yes
1634,52,1,1,1,1405,0,1,17,5,753,2,-1,no
1635,38,7,1,1,-361,1,0,31,5,37,33,-1,no
1636,31,6,1,2,322,1,0,8,8,159,1,-1,no
1637,62,5,1,0,1084,0,0,14,0,505,1,-1,no
1638,54,9,1,1,1299,1,0,25,8,104,1,-1,no
1639,25,4,2,2,3902,0,0,23,11,856,1,-1,yes
1640,46,4,2,2,2987,1,0,16,5,318,1,-1,no
1641,32,7,1,1,859,1,0,9,1,39,1,-1,no
1642,41,1,1,0,389,1,0,16,6,87,6,-1,no
1643,44,3,1,0,71,1,0,11,5,251,2,-1,no
1644,46,1,1,1,209,1,0,22,5,126,4,-1,no
1645,48,1,1,3,100,1,0,29,8,206,1,-1,no
1646,56,4,0,2,1263,1,0,13,8,155,1,-1,no
1647,54,6,0,0,351,1,0,6,6,642,2,-1,no
1648,24,9,2,1,1371,1,1,7,8,166,2,-1,no
1649,55,1,1,1,660,0,0,5,6,348,1,-1,no
1650,54,0,1,1,1633,0,0,3,5,409,2,-1,no
1651,29,4,1,2,760,0,1,17,0,82,2,-1,no
1652,52,9,1,3,562,0,0,17,6,187,1,-1,no
1653,47,9,1,1,-401,1,0,23,8,78,1,-1,no
1654,21,9,2,2,61,0,1,8,5,141,1,-1,no
1655,32,4,1,2,6059,1,0,20,9,110,2,-1,no
1656,38,0,1,1,755,1,0,25,8,531,1,97,no
1657,66,4,2,2,6483,0,0,13,1,275,1,-1,no
1658,53,5,1,1,38,1,0,17,9,89,1,-1,no
1659,71,5,1,1,5715,0,0,17,9,747,2,-1,no
1660,27,7,2,1,343,1,0,20,0,282,2,320,no
1661,50,3,0,1,0,0,0,13,1,43,1,105,no
1662,37,1,1,1,3574,1,0,6,6,117,1,-1,no
1663,77,5,1,1,820,0,0,21,10,330,2,181,no
1664,35,0,2,2,4233,0,0,13,1,135,2,-1,no
1665,34,0,1,1,4902,1,0,6,8,59,1,167,no
1666,63,5,1,3,2193,0,0,21,0,1348,4,-1,yes
1667,52,4,1,1,2216,1,1,14,8,161,1,332,no
1668,33,9,0,0,20,1,0,15,8,172,4,-1,no
1669,34,1,2,1,1848,1,0,5,6,131,10,-1,no
1670,39,4,1,2,5495,1,0,19,1,391,6,-1,no
1671,31,7,2,1,203,1,0,29,8,442,3,-1,no
1672,30,9,1,1,-280,1,0,17,0,609,2,266,no
1673,30,4,2,2,398,0,0,24,0,235,2,-1,no
1674,37,4,2,1,24,1,1,11,1,232,4,-1,no
1675,54,7,1,0,1059,0,0,7,1,147,3,-1,no
1676,56,1,1,0,8318,1,0,16,8,428,2,-1,no
1677,56,7,1,1,1860,1,0,20,6,129,5,-1,no
1678,40,5,1,0,-407,1,0,18,5,905,3,-1,no
1679,34,4,1,2,0,0,0,22,0,176,1,-1,no
1680,31,9,1,1,297,0,0,19,1,551,4,-1,no
1681,41,7,0,0,308,0,0,31,5,73,1,-1,no
1682,31,1,2,1,397,1,0,13,8,134,1,350,no
1683,30,6,1,1,8563,1,0,12,8,109,1,351,no
1684,43,1,1,1,470,1,1,26,8,185,1,-1,no
1685,37,0,2,1,0,1,1,3,11,144,2,463,no
1686,58,3,1,0,11,1,0,20,8,90,1,-1,no
1687,39,7,1,1,1367,1,0,9,6,53,4,-1,no
1688,39,4,2,2,26,1,1,21,9,52,1,179,no
1689,33,1,1,1,86,1,0,19,8,364,1,-1,no
1690,49,9,0,2,596,1,0,15,11,722,1,-1,no
1691,28,1,1,1,0,1,0,8,8,459,2,-1,no
1692,43,4,1,2,-127,0,0,6,1,400,2,-1,no
1693,36,4,1,2,0,0,0,12,1,243,3,-1,no
1694,51,0,1,1,227,0,0,5,1,231,1,-1,no
1695,34,0,1,1,50,1,0,2,3,173,1,258,no
1696,23,0,1,2,2,1,0,16,8,140,1,-1,no
1697,30,1,1,0,2929,1,0,21,9,432,2,184,no
1698,45,4,1,2,3857,1,0,2,3,195,1,-1,no
1699,59,2,1,2,-820,0,0,8,8,43,2,-1,no
1700,59,1,1,1,681,1,0,14,0,427,2,-1,no
1701,60,5,1,2,6684,1,1,5,3,173,1,-1,no
1702,30,4,2,2,9634,0,0,12,1,781,5,-1,yes
1703,26,1,2,1,658,0,1,23,5,34,4,-1,no
1704,44,7,1,1,646,1,0,3,6,183,4,-1,no
1705,36,9,1,2,3043,1,0,9,5,254,1,-1,no
1706,55,10,1,1,4733,1,0,19,9,70,1,174,no
1707,60,9,2,0,11262,0,0,26,1,323,1,-1,no
1708,37,4,2,2,1339,1,0,13,8,96,6,173,no
1709,36,1,1,0,59,1,0,6,8,225,2,-1,no
1710,34,4,1,2,676,0,0,7,8,156,1,177,no
1711,27,9,2,1,0,1,0,6,8,176,1,-1,no
1712,31,0,1,1,774,1,1,21,5,93,1,-1,no
1713,37,0,2,1,310,0,1,6,3,179,1,-1,no
1714,45,1,1,1,162,0,0,8,1,130,2,-1,no
1715,31,9,2,2,-564,1,1,28,1,49,15,-1,no
1716,40,6,2,2,265,0,0,5,3,121,3,-1,no
1717,45,4,1,2,409,0,0,11,6,144,1,-1,no
1718,37,9,1,2,8730,1,0,6,8,149,1,-1,no
1719,54,4,1,2,0,1,0,24,5,140,2,-1,no
1720,27,4,2,2,2061,1,0,30,8,72,3,-1,no
1721,35,4,2,2,331,1,0,18,8,30,5,-1,no
1722,32,4,1,2,124,0,0,27,8,193,1,-1,no
1723,28,7,1,1,4,1,0,27,6,133,5,-1,no
1724,26,4,2,2,592,0,0,29,4,145,2,164,no
1725,51,4,1,2,94,1,0,19,9,281,3,-1,no
1726,26,9,2,1,181,0,0,20,0,158,2,-1,no
1727,57,3,0,0,1198,0,0,13,1,146,1,-1,no
1728,28,8,2,2,0,0,0,28,11,294,2,105,no
1729,30,0,1,1,0,0,0,15,10,86,1,140,no
1730,39,7,1,1,1442,0,0,22,0,70,3,-1,no
1731,39,4,2,2,139,0,0,22,1,109,2,-1,no
1732,23,9,2,1,283,1,0,22,11,175,1,184,no
1733,53,4,2,2,0,0,0,20,6,94,7,-1,no
1734,60,6,2,2,179,0,1,29,5,79,4,-1,no
1735,46,1,1,1,84,1,0,15,8,49,1,-1,no
1736,60,4,1,2,36,1,0,16,8,194,3,-1,no
1737,59,5,1,0,0,1,0,26,8,104,7,-1,no
1738,53,0,2,0,0,1,0,17,5,155,6,-1,no
1739,27,1,2,1,535,0,0,13,8,159,1,87,no
1740,32,1,1,0,-148,1,0,4,8,326,3,357,no
1741,44,9,1,2,1818,1,1,12,1,120,1,104,no
1742,42,7,1,1,0,1,0,13,8,116,4,-1,no
1743,32,9,2,1,230,1,0,25,1,256,8,-1,no
1744,36,4,2,1,992,0,0,6,6,351,1,-1,no
1745,29,0,1,1,1489,1,0,20,0,399,1,-1,no
1746,39,1,1,3,2952,1,0,12,6,307,2,-1,no
1747,34,1,2,1,47,1,0,18,9,810,2,-1,no
1748,42,1,1,3,1123,1,0,29,8,105,3,-1,no
1749,53,0,1,1,4464,1,0,14,8,162,3,-1,no
1750,48,6,1,1,1559,0,0,13,1,344,1,190,no
1751,29,0,2,1,1,0,0,9,5,372,1,-1,no
1752,36,4,0,2,2397,0,0,25,1,93,9,-1,no
1753,26,0,2,1,0,1,0,8,8,339,1,66,no
1754,45,4,2,2,1269,0,0,20,6,55,7,-1,no
1755,44,0,0,2,994,1,0,13,8,420,3,-1,no
1756,50,4,0,1,1716,1,0,6,8,82,1,-1,no
1757,31,1,2,3,6281,0,0,22,10,257,1,128,no
1758,48,7,1,1,2877,1,0,3,6,157,1,-1,no
1759,60,3,0,1,2063,0,0,21,1,54,5,86,no
1760,54,1,0,0,0,1,0,21,9,219,2,-1,no
1761,47,4,0,2,-49,1,0,13,8,14,6,327,no
1762,33,4,1,2,0,0,0,21,1,102,2,-1,no
1763,54,9,1,3,0,0,0,30,4,491,1,-1,no
1764,35,4,0,2,178,1,0,23,8,703,2,-1,no
1765,52,10,1,1,94,0,0,30,0,244,1,-1,no
1766,25,0,1,1,142,1,0,8,5,312,2,-1,no
1767,26,8,2,2,251,1,0,18,8,12,5,-1,no
1768,36,9,1,2,341,0,0,13,1,282,1,-1,no
1769,54,9,1,1,6,1,0,7,8,109,1,367,no
1770,38,3,1,0,0,0,0,25,5,267,1,-1,no
1771,30,0,2,1,255,0,0,27,4,143,1,-1,no
1772,32,9,2,1,283,1,0,29,4,71,1,-1,no
1773,52,0,0,1,774,0,0,4,3,79,1,-1,no
1774,37,10,2,0,1241,0,0,9,6,60,2,-1,no
1775,40,1,1,3,87,1,0,13,8,477,3,-1,no
1776,27,8,2,1,1566,0,0,30,4,164,5,-1,no
1777,48,2,0,2,0,1,1,20,6,139,1,-1,no
1778,37,1,0,1,-271,1,0,9,8,172,1,-1,no
1779,27,10,2,0,1088,0,0,3,3,201,1,-1,no
1780,60,3,1,0,726,0,1,30,5,94,5,-1,no
1781,48,1,1,0,72,1,0,6,6,114,5,-1,no
1782,35,9,0,1,82,0,0,19,1,152,3,-1,no
1783,53,6,1,1,1066,1,0,7,8,57,2,170,no
1784,45,0,1,1,638,1,0,20,1,75,9,-1,no
1785,56,4,1,2,424,1,1,20,9,113,5,-1,no
1786,30,8,2,3,-145,0,1,8,5,154,1,-1,no
1787,39,9,1,2,-276,0,1,11,1,121,4,-1,no
1788,31,4,1,2,-6,0,0,28,1,198,6,-1,no
1789,29,4,1,2,250,1,0,31,7,371,2,257,no
1790,26,9,2,2,468,1,0,14,8,221,2,364,no
1791,34,9,1,1,260,1,0,17,0,20,2,238,no
1792,43,2,1,3,100,1,0,5,8,702,1,-1,no
1793,59,3,1,1,0,0,0,27,10,376,1,81,no
1794,45,11,1,1,2119,0,0,19,1,120,15,-1,no
1795,32,9,2,2,1855,0,0,15,11,126,2,134,no
1796,53,1,2,0,354,1,0,17,6,96,2,-1,no
1797,35,0,1,2,957,1,0,26,7,263,4,667,no
1798,52,2,1,3,0,1,0,13,8,165,2,-1,no
1799,36,7,2,1,9713,1,0,27,8,72,3,-1,no
1800,29,9,1,1,23,1,0,2,6,163,1,55,no
1801,36,4,2,2,553,0,0,11,1,106,2,-1,no
1802,55,2,1,2,3459,1,1,20,9,88,2,112,no
1803,23,8,2,1,4409,1,0,4,6,299,1,-1,no
1804,31,9,1,1,522,1,1,27,1,308,4,-1,no
1805,31,0,2,2,701,1,0,23,8,301,2,-1,no
1806,49,7,1,1,7019,1,0,2,6,263,1,368,no
1807,54,5,1,1,1139,1,0,14,8,155,1,177,no
1808,44,9,1,1,0,0,1,4,3,351,2,-1,no
1809,43,7,1,1,978,1,1,26,8,82,2,-1,no
1810,36,7,0,1,82,1,0,10,5,226,1,-1,no
1811,54,1,1,0,2281,1,0,20,6,158,1,-1,no
1812,31,4,1,2,1839,1,0,29,5,109,8,-1,no
1813,38,1,1,1,757,1,0,6,8,133,1,-1,no
1814,47,9,1,1,644,0,0,21,1,169,13,-1,no
1815,39,3,1,1,953,0,0,30,4,23,6,232,no
1816,29,9,1,2,1489,1,0,28,8,430,1,-1,no
1817,35,0,2,1,0,0,1,7,5,480,1,-1,no
1818,31,1,1,1,492,1,0,6,3,99,1,-1,no
1819,56,4,1,3,0,0,0,24,5,54,29,-1,no
1820,59,7,1,1,-22,1,0,26,8,748,3,-1,no
1821,52,0,1,1,32,0,1,9,5,103,1,-1,no
1822,47,0,1,2,12276,0,0,20,6,77,5,-1,no
1823,36,7,2,1,774,1,0,20,8,140,1,-1,no
1824,33,0,1,1,177,1,0,11,8,100,1,-1,no
1825,35,4,2,2,361,1,0,11,1,169,2,-1,no
1826,37,9,1,2,1733,1,0,12,8,524,3,326,no
1827,39,4,1,2,2939,0,0,29,6,385,1,165,no
1828,71,5,1,0,4657,0,0,16,3,93,5,-1,no
1829,32,4,2,2,5167,0,0,26,1,10,18,-1,no
1830,42,0,1,1,4209,1,0,5,6,57,6,-1,no
1831,40,3,1,1,864,0,0,14,1,36,2,-1,no
1832,44,4,2,2,825,1,0,11,6,427,2,-1,no
1833,49,5,2,0,505,0,0,9,6,35,1,-1,no
1834,57,1,1,1,14093,0,0,11,1,231,5,-1,no
1835,35,0,2,1,148,1,0,6,8,128,2,-1,no
1836,30,9,0,1,3100,1,0,21,8,154,4,-1,no
1837,30,9,2,3,878,1,0,15,8,173,3,298,no
1838,36,1,1,0,130,1,0,5,6,96,2,-1,no
1839,59,5,1,3,201,0,0,31,5,69,7,-1,no
1840,39,2,0,2,208,1,0,29,4,81,1,240,no
1841,48,0,0,1,1108,1,0,15,8,420,1,-1,no
1842,45,11,1,0,44,0,0,11,6,81,1,-1,no
1843,38,4,1,2,276,0,0,14,10,322,1,-1,no
1844,31,4,1,2,351,0,0,21,1,165,3,-1,no
1845,36,4,1,2,-381,1,0,31,5,30,29,-1,no
1846,36,9,1,2,202,0,0,1,10,237,1,122,no
1847,62,6,0,1,0,1,0,20,1,158,1,-1,no
1848,32,1,1,1,897,1,0,7,0,293,3,322,no
1849,66,5,1,2,2262,0,0,22,0,155,1,-1,no
1850,37,4,2,1,793,0,0,7,10,130,1,-1,no
1851,59,5,1,0,249,0,0,13,1,432,5,-1,no
1852,37,2,1,2,678,0,1,19,6,395,1,-1,no
1853,36,9,1,2,63,0,0,28,1,12,14,-1,no
1854,41,9,2,1,2242,1,0,6,8,459,4,-1,no
1855,28,0,2,1,2,0,0,15,6,60,1,-1,no
1856,52,1,1,1,3429,1,0,17,0,516,1,-1,no
1857,56,9,1,2,272,0,0,26,1,103,2,-1,no
1858,28,4,1,2,82,1,1,16,8,225,1,-1,no
1859,39,9,2,1,-529,1,0,21,9,18,5,-1,no
1860,29,1,1,1,424,1,1,14,8,241,2,-1,no
1861,49,11,1,0,142,0,0,12,6,90,3,-1,no
1862,37,9,1,2,4596,1,0,7,8,218,2,211,no
1863,45,9,1,2,5110,0,0,22,0,341,2,-1,no
1864,39,4,2,2,-401,1,0,19,1,274,4,-1,no
1865,41,7,1,1,1717,1,0,8,8,520,2,343,no
1866,31,4,2,2,1377,0,0,5,1,371,2,-1,no
1867,27,1,2,0,409,1,0,18,8,276,4,301,no
1868,53,9,1,1,144,0,0,21,1,282,4,-1,no
1869,74,5,1,1,921,0,0,17,0,394,2,-1,no
1870,42,0,2,1,2095,1,0,21,9,752,3,-1,no
1871,40,0,1,1,3138,0,0,12,1,238,1,-1,no
1872,37,4,1,2,34,1,0,2,6,100,2,-1,no
1873,55,1,1,1,1268,1,0,7,8,223,2,-1,no
1874,46,1,1,0,0,1,0,12,8,278,1,-1,no
1875,33,7,1,1,210,1,1,20,8,201,1,-1,no
1876,45,1,1,0,4170,1,1,20,8,114,3,-1,no
1877,36,2,1,1,215,1,1,18,9,309,1,-1,no
1878,47,9,1,2,831,1,0,5,8,316,3,-1,no
1879,49,7,2,1,133,0,0,11,6,319,6,-1,no
1880,36,1,1,1,0,0,1,17,6,138,5,-1,no
1881,32,0,1,1,48,1,0,28,5,76,3,-1,no
1882,48,0,1,1,844,0,0,28,1,12,21,-1,no
1883,53,0,1,1,172,0,0,19,1,80,6,-1,no
1884,47,7,1,1,1717,0,0,20,1,216,9,-1,no
1885,42,9,1,2,1397,1,0,6,3,135,7,-1,no
1886,46,0,1,3,2033,0,0,24,3,99,2,86,no
1887,48,1,1,1,1230,1,0,12,9,169,1,196,no
1888,33,7,1,1,244,1,0,18,9,231,2,-1,no
1889,38,0,1,0,464,0,1,11,6,86,2,-1,no
1890,36,4,1,2,0,0,1,4,1,89,1,-1,no
1891,35,4,0,2,160,1,0,4,6,141,6,-1,no
1892,35,1,1,1,412,1,0,3,6,316,1,-1,no
1893,44,1,1,1,2979,1,0,18,8,18,5,178,no
1894,31,1,1,1,297,1,0,12,8,480,1,-1,no
1895,32,1,1,1,1,1,0,8,8,102,1,-1,no
1896,29,7,1,1,3220,0,0,17,5,172,3,-1,no
1897,33,0,1,1,0,1,0,17,9,78,1,-1,no
1898,30,4,2,2,1637,1,0,13,1,163,3,-1,no
1899,31,1,2,1,0,1,0,6,8,273,2,-1,no
1900,46,1,1,0,620,1,0,20,1,174,2,-1,no
1901,46,9,1,1,3434,0,1,8,6,148,2,101,no
1902,41,9,2,1,413,1,1,8,1,292,2,-1,no
1903,35,0,1,1,561,1,0,5,8,168,2,-1,no
1904,47,4,0,2,0,1,1,18,9,203,3,-1,no
1905,50,9,1,1,-584,0,0,20,1,75,2,-1,no
1906,27,0,2,1,321,0,1,2,11,4,1,-1,no
1907,32,4,2,2,131,1,0,11,1,112,1,81,no
1908,47,3,1,1,131,0,0,8,1,148,1,-1,no
1909,54,4,1,2,2960,1,0,13,3,94,9,85,no
1910,35,1,1,1,-184,1,0,12,8,155,2,-1,no
1911,32,0,2,1,-133,1,0,14,8,119,1,352,no
1912,45,1,0,0,102,1,0,11,8,282,1,-1,no
1913,35,4,1,2,376,0,0,19,9,223,4,-1,no
1914,33,6,1,0,61,1,0,13,8,161,1,-1,no
1915,22,8,2,1,144,0,0,21,1,116,1,-1,no
1916,28,1,2,0,643,1,0,15,8,297,1,-1,no
1917,55,1,1,0,3297,1,1,30,0,96,1,-1,no
1918,38,4,1,2,385,1,0,28,10,154,1,-1,no
1919,60,3,0,1,2063,0,0,17,3,73,2,-1,no
1920,29,9,2,2,313,0,1,8,5,227,2,-1,no
1921,43,1,1,0,-120,1,0,3,6,46,1,-1,no
1922,49,2,1,1,-178,0,1,12,6,84,1,-1,no
1923,39,0,2,1,1242,1,0,12,8,303,3,-1,no
1924,73,5,1,1,2850,0,0,17,8,157,2,28,no
1925,34,9,0,1,1301,1,0,30,4,196,2,189,no
1926,31,1,2,1,183,1,0,14,8,258,1,300,no
1927,59,5,1,1,0,0,0,5,6,812,1,-1,yes
1928,41,1,0,0,138,1,0,18,5,640,3,-1,no
1929,32,1,2,0,1450,1,0,6,3,72,6,273,no
1930,56,9,2,1,751,1,0,19,9,85,5,-1,no
1931,48,9,1,1,340,1,0,28,4,255,2,-1,no
1932,47,9,1,1,1571,1,0,11,8,261,1,369,no
1933,38,1,2,0,490,1,1,25,1,17,1,-1,no
1934,27,1,2,1,-46,1,0,3,2,97,3,199,no
1935,45,10,1,1,7203,0,0,30,0,572,2,-1,no
1936,33,10,0,1,1005,1,0,20,8,229,2,-1,no
1937,39,1,2,0,561,1,0,17,0,88,1,-1,no
1938,45,0,0,1,59,1,0,24,5,873,8,-1,no
1939,37,10,2,2,1316,1,0,18,9,389,1,172,no
1940,38,4,1,2,2724,1,0,16,8,177,4,-1,no
1941,40,4,2,2,406,1,0,13,8,130,1,371,no
1942,48,4,1,2,571,1,1,19,9,77,2,-1,no
1943,30,4,1,2,877,0,0,13,1,202,1,83,no
1944,48,1,1,1,1230,1,1,7,8,152,3,-1,no
1945,32,10,2,1,104,0,0,4,3,233,3,-1,no
1946,55,5,1,1,1504,1,1,17,9,761,1,-1,no
1947,43,1,1,1,14646,0,0,23,10,210,1,-1,no
1948,26,10,2,1,632,0,0,12,3,218,1,-1,no
1949,39,9,2,2,4660,0,0,30,8,53,2,-1,no
1950,42,1,1,1,375,1,0,6,6,99,5,-1,no
1951,26,4,2,2,47,1,0,18,8,63,1,-1,no
1952,55,1,1,0,284,0,1,14,5,252,4,-1,no
1953,36,9,2,1,-475,1,0,12,8,793,5,-1,no
1954,29,9,1,1,132,1,1,30,0,88,1,-1,no
1955,29,1,1,1,15,0,0,3,6,136,1,-1,no
1956,27,0,2,2,4991,1,0,13,3,123,1,-1,no
1957,48,1,0,1,2071,0,0,14,8,127,1,-1,no
1958,37,1,1,1,-97,1,0,5,6,135,2,-1,no
1959,26,1,2,0,941,0,0,29,4,1165,1,-1,yes
1960,38,4,0,2,-199,1,0,18,8,15,3,-1,no
1961,47,4,1,2,3681,0,0,14,1,101,2,-1,no
1962,34,8,2,3,1011,0,0,1,6,253,1,-1,no
1963,46,1,2,0,96,1,0,16,0,99,1,148,no
1964,56,4,1,2,3039,0,0,6,6,420,2,-1,no
1965,43,0,1,2,1924,1,0,7,8,244,7,-1,no
1966,26,4,2,2,141,0,0,12,1,74,2,-1,no
1967,50,1,0,0,-677,0,0,10,5,387,1,-1,no
1968,49,1,1,0,1133,1,0,4,8,291,3,-1,no
1969,49,0,1,1,635,0,0,22,5,400,8,-1,no
1970,35,4,1,2,-640,1,1,5,6,78,6,-1,no
1971,30,4,2,2,420,0,0,25,1,618,3,-1,no
1972,35,4,1,2,1906,1,0,16,0,102,1,148,no
1973,51,3,1,0,289,0,0,14,8,97,5,-1,no
1974,49,0,1,1,1677,0,0,5,6,19,3,-1,no
1975,37,7,2,1,248,1,0,8,0,417,2,57,no
1976,34,9,1,2,4,1,0,24,5,70,1,-1,no
1977,47,7,1,1,1549,1,0,14,8,95,6,-1,no
1978,55,0,1,1,6205,0,0,6,8,233,2,-1,no
1979,30,0,2,1,382,1,0,19,9,369,1,191,no
1980,35,6,1,1,670,0,0,9,5,378,1,-1,no
1981,38,4,2,2,2813,0,0,14,1,146,2,-1,no
1982,53,9,1,0,0,0,0,21,5,96,1,-1,no
1983,32,1,1,1,257,1,1,29,4,74,1,239,no
1984,46,1,2,0,501,1,0,6,8,207,1,-1,no
1985,59,4,2,1,671,1,1,15,8,157,5,-1,no
1986,39,1,1,1,5201,0,0,9,6,317,1,-1,no
1987,37,11,1,3,1699,0,0,9,6,63,1,-1,no
1988,39,7,1,1,53,0,0,5,7,257,1,394,no
1989,44,7,1,1,163,1,0,17,9,73,1,-1,no
1990,38,7,2,2,323,1,0,19,8,138,1,-1,no
1991,56,4,1,2,4,1,1,30,4,299,1,2,no
1992,28,1,1,1,822,1,0,6,6,209,18,-1,no
1993,48,10,1,0,551,1,0,29,8,162,2,-1,no
1994,37,9,2,1,1211,1,0,21,8,795,1,-1,no
1995,46,4,1,2,740,1,0,8,8,462,1,359,no
1996,38,1,2,1,-56,1,1,6,6,247,2,-1,no
1997,44,4,0,2,-710,1,0,10,5,183,1,-1,no
1998,60,0,1,1,12980,0,0,5,7,115,1,-1,no
1999,59,5,0,0,121,1,0,12,8,144,7,-1,no
2000,29,4,2,2,-223,0,1,9,5,208,1,-1,no
